record_id,Longitude,Latitude
usa-m-000001,-80.177943,25.891825
usa-m-000002,-81.593695,41.529895
usa-m-000003,-84.160550,33.898620
usa-m-000004,-96.068378,41.285933
usa-m-000005,-71.433674,42.522572
usa-m-000006,-122.581240,45.522920
usa-m-000007,-83.060594,42.389034
usa-m-000008,-119.243213,35.771902
usa-m-000009,-90.397331,38.437857
usa-m-000010,-73.976109,40.628018
usa-m-000011,-122.284611,47.476904
usa-m-000012,-83.272084,42.127327
usa-m-000013,-96.704328,32.946794
usa-m-000014,-93.209509,45.023950
usa-m-000015,-93.258010,45.042622
usa-m-000016,-93.286505,44.290205
usa-m-000017,-93.256781,44.950910
usa-m-000018,-83.119304,39.940478
usa-m-000019,-122.289032,47.552135
usa-m-000020,-88.344725,42.132200
usa-m-000021,-74.715060,40.090950
usa-m-000022,-95.597048,29.622640
usa-m-000023,-77.456243,39.018224
usa-m-000024,-77.334185,38.858983
usa-m-000025,-77.571952,38.732058
usa-m-000026,-77.551609,39.069400
usa-m-000027,-77.437992,38.885430
usa-m-000028,-117.138960,32.803405
usa-m-000029,-73.924969,42.802569
usa-m-000030,-90.317580,38.511760
usa-m-000031,-115.249700,36.154500
usa-m-000032,-83.685314,41.638916
usa-m-000033,-97.356786,37.672955
usa-m-000034,-73.909671,40.745149
usa-m-000035,-83.060040,40.091320
usa-m-000036,-117.790048,34.071752
usa-m-000037,-76.979332,38.932687
usa-m-000038,-83.930523,43.489728
usa-m-000039,-73.867314,40.875985
usa-m-000040,-73.776036,40.721983
usa-m-000041,-96.723340,33.086690
usa-m-000042,-74.160425,40.940295
usa-m-000043,-77.523370,37.470270
usa-m-000044,-117.160611,32.890655
usa-m-000045,-122.713130,45.453350
usa-m-000046,-73.414677,40.677827
usa-m-000047,-90.238122,30.024828
usa-m-000048,-81.730143,30.319863
usa-m-000049,-79.883430,40.441583
usa-m-000050,-96.213763,41.289788
usa-m-000051,-75.211341,39.955482
usa-m-000052,-81.750828,33.577921
usa-m-000053,-77.242390,38.743430
usa-m-000054,-73.930579,40.628909
usa-m-000055,-75.829222,39.608529
usa-m-000056,-116.602440,33.078570
usa-m-000057,-83.251897,40.105609
usa-m-000058,-73.951314,40.690289
usa-m-000059,-73.817908,40.688236
usa-m-000060,-73.993119,40.930982
usa-m-000061,-81.825496,41.430181
usa-m-000062,-93.405021,44.901085
usa-m-000063,-73.863714,40.678163
usa-m-000064,-80.117442,26.555975
usa-m-000065,-73.925765,40.754945
usa-m-000066,-87.383228,41.591810
usa-m-000067,-75.094586,40.051042
usa-m-000068,-95.517465,30.236190
usa-m-000069,-73.783441,40.683946
usa-m-000070,-73.996254,40.597623
usa-m-000071,-117.088229,32.749816
usa-m-000072,-96.740653,32.936948
usa-m-000073,-88.191033,41.556805
usa-m-000074,-75.141542,39.973897
usa-m-000075,-121.227830,37.964870
usa-m-000076,-73.736441,42.837253
usa-m-000077,-73.479201,40.738634
usa-m-000078,-154.978917,19.548432
usa-m-000079,-112.111801,33.532290
usa-m-000080,-75.075401,39.866840
usa-m-000081,-82.789610,40.024010
usa-m-000082,-86.489960,36.959610
usa-m-000083,-78.884958,42.907316
usa-m-000084,-86.203639,39.807385
usa-m-000085,-73.782206,40.708357
usa-m-000086,-83.427931,42.525662
usa-m-000087,-73.863838,40.747200
usa-m-000088,-73.946274,40.816584
usa-m-000089,-72.745923,42.110299
usa-m-000090,-74.115503,41.509596
usa-m-000091,-73.979503,40.684627
usa-m-000092,-112.026511,41.116689
usa-m-000093,-79.944350,40.494963
usa-m-000094,-122.311669,47.322046
usa-m-000095,-93.300322,44.980700
usa-m-000096,-80.032238,32.982655
usa-m-000097,-122.660994,45.577005
usa-m-000098,-73.860340,40.677870
usa-m-000099,-95.517489,29.738111
usa-m-000100,-75.055612,40.044263
usa-m-000101,-83.149296,42.328955
usa-m-000102,-83.091063,39.942216
usa-m-000103,-74.003530,40.799163
usa-m-000104,-118.327736,34.025487
usa-m-000105,-86.243032,39.852287
usa-m-000106,-73.888113,40.875801
usa-m-000107,-73.355010,41.417940
usa-m-000108,-97.167280,32.768410
usa-m-000109,-117.936559,33.749044
usa-m-000110,-74.441445,39.356496
usa-m-000111,-73.748493,42.742248
usa-m-000112,-75.124392,40.011152
usa-m-000113,-73.675340,42.738264
usa-m-000114,-86.193361,39.857644
usa-m-000115,-73.910289,40.758373
usa-m-000116,-84.630050,39.006970
usa-m-000117,-87.983050,41.963720
usa-m-000118,-74.054924,40.749169
usa-m-000119,-94.525392,39.111188
usa-m-000120,-82.987420,40.048080
usa-m-000121,-83.154612,42.344142
usa-m-000122,-76.501262,42.533755
usa-m-000123,-82.897780,39.929390
usa-m-000124,-82.714540,41.443490
usa-m-000125,-111.877722,40.701455
usa-m-000126,-73.923197,40.665048
usa-m-000127,-97.528993,30.452254
usa-m-000128,-122.589555,45.526015
usa-m-000129,-84.059688,39.671573
usa-m-000130,-87.873274,42.913400
usa-m-000131,-71.027520,42.387944
usa-m-000132,-83.062225,42.478290
usa-m-000133,-73.930152,40.676860
usa-m-000134,-80.355898,25.613135
usa-m-000135,-83.180860,42.401830
usa-m-000136,-74.077683,40.639804
usa-m-000137,-81.771150,28.546520
usa-m-000138,-80.091312,26.584440
usa-m-000139,-74.028650,41.499550
usa-m-000140,-84.335803,39.486605
usa-m-000141,-84.500572,33.883163
usa-m-000142,-77.211379,38.700690
usa-m-000143,-73.911578,40.768421
usa-m-000144,-74.072840,40.717580
usa-m-000145,-81.589650,30.339441
usa-m-000146,-73.787563,40.694201
usa-m-000147,-94.572180,39.059410
usa-m-000148,-118.613600,34.232200
usa-m-000149,-72.943000,41.309190
usa-m-000150,-83.537110,41.664468
usa-m-000151,-93.242628,45.090614
usa-m-000152,-94.532721,39.102071
usa-m-000153,-122.277341,47.551014
usa-m-000154,-112.194020,33.538200
usa-m-000155,-98.192676,26.252598
usa-m-000156,-73.250848,42.452425
usa-m-000157,-73.815101,40.700951
usa-m-000158,-73.417170,41.115890
usa-m-000159,-80.187414,25.893565
usa-m-000160,-74.247725,40.736470
usa-m-000161,-122.216537,47.483662
usa-m-000162,-73.956692,40.606440
usa-m-000163,-75.257545,39.956380
usa-m-000164,-73.880230,40.765430
usa-m-000165,-73.968240,40.638490
usa-m-000166,-73.508942,40.758339
usa-m-000167,-106.561500,31.835800
usa-m-000168,-80.065265,42.124489
usa-m-000169,-75.054816,39.784645
usa-m-000170,-75.583059,40.515084
usa-m-000171,-73.984599,40.616907
usa-m-000172,-73.885119,40.851593
usa-m-000173,-75.073343,39.739545
usa-m-000174,-73.764015,40.712770
usa-m-000175,-79.981735,40.444085
usa-m-000176,-79.911283,40.464303
usa-m-000177,-97.366923,32.672100
usa-m-000178,-90.225951,38.647574
usa-m-000179,-80.238530,25.858420
usa-m-000180,-86.120897,39.830350
usa-m-000181,-73.767817,40.716890
usa-m-000182,-122.174820,48.057890
usa-m-000183,-74.287991,41.000121
usa-m-000184,-104.816650,39.745830
usa-m-000185,-73.960236,40.580101
usa-m-000186,-72.608750,41.778490
usa-m-000187,-72.990810,41.541330
usa-m-000188,-111.755945,33.228850
usa-m-000189,-84.096730,40.719570
usa-m-000190,-74.870890,40.003110
usa-m-000191,-122.283962,47.541566
usa-m-000192,-95.493798,29.717817
usa-m-000193,-75.842299,41.256363
usa-m-000194,-111.807980,33.416763
usa-m-000195,-97.543783,30.344472
usa-m-000196,-74.102657,40.607247
usa-m-000197,-88.027240,44.478320
usa-m-000198,-85.764626,38.208432
usa-m-000199,-95.180570,29.496266
usa-m-000200,-73.829151,40.701747
usa-m-000201,-122.172910,47.387330
usa-m-000202,-73.917730,40.835008
usa-m-000203,-88.058337,43.176570
usa-m-000204,-71.080340,42.311543
usa-m-000205,-93.252087,44.954148
usa-m-000206,-105.951780,35.663176
usa-m-000207,-106.324200,31.758600
usa-m-000208,-74.029929,40.623490
usa-m-000209,-73.936162,40.845457
usa-m-000210,-77.586068,43.171234
usa-m-000211,-77.445388,37.519831
usa-m-000212,-104.507848,33.380115
usa-m-000213,-84.175952,39.755569
usa-m-000214,-73.608097,40.665478
usa-m-000215,-75.032116,40.074097
usa-m-000216,-77.632440,43.153150
usa-m-000217,-89.886449,35.205355
usa-m-000218,-75.469808,40.655393
usa-m-000219,-72.797178,41.534987
usa-m-000220,-96.890103,32.885611
usa-m-000221,-117.043232,32.770592
usa-m-000222,-73.812920,40.727669
usa-m-000223,-86.226444,39.925994
usa-m-000224,-70.961960,42.486010
usa-m-000225,-95.559890,30.009070
usa-m-000226,-122.285317,37.802862
usa-m-000227,-94.565179,39.105598
usa-m-000228,-74.452656,39.350935
usa-m-000229,-90.216912,38.608033
usa-m-000230,-87.943242,43.019310
usa-m-000231,-83.661347,42.249109
usa-m-000232,-93.412680,44.878950
usa-m-000233,-74.071781,40.733185
usa-m-000234,-85.569110,42.902690
usa-m-000235,-118.451987,34.423205
usa-m-000236,-74.387292,40.566140
usa-m-000237,-74.388491,40.566293
usa-m-000238,-73.726559,40.726485
usa-m-000239,-73.965010,41.198346
usa-m-000240,-81.559661,30.326555
usa-m-000241,-111.388762,42.101608
usa-m-000242,-73.920006,42.653574
usa-m-000243,-83.199130,42.357435
usa-m-000244,-105.018164,39.664043
usa-m-000245,-88.047180,43.058478
usa-m-000246,-80.207866,25.823779
usa-m-000247,-82.516129,28.024839
usa-m-000248,-88.169900,42.120670
usa-m-000249,-81.400604,28.420807
usa-m-000250,-81.363507,28.453455
usa-m-000251,-80.626820,28.079907
usa-m-000252,-77.276194,38.628889
usa-m-000253,-86.730470,36.108350
usa-m-000254,-84.401299,33.785415
usa-m-000255,-91.061775,30.432254
usa-m-000256,-84.567890,33.929280
usa-m-000257,-85.770047,38.170935
usa-m-000258,-71.523949,41.484703
usa-m-000259,-83.379041,33.924585
usa-m-000260,-87.234980,30.408130
usa-m-000261,-71.490809,41.962196
usa-m-000262,-84.205361,33.915995
usa-m-000263,-81.224651,28.573742
usa-m-000264,-84.237290,33.801010
usa-m-000265,-84.388397,33.723668
usa-m-000266,-87.000785,34.588740
usa-m-000267,-81.845828,27.912400
usa-m-000268,-76.405800,36.984550
usa-m-000269,-89.474427,37.358384
usa-m-000270,-82.315611,28.051070
usa-m-000271,-71.357074,41.887078
usa-m-000272,-84.169991,34.131379
usa-m-000273,-85.692735,38.188597
usa-m-000274,-73.036118,41.529525
usa-m-000275,-73.041890,41.568288
usa-m-000276,-74.295626,40.988486
usa-m-000277,-73.877300,40.701980
usa-m-000278,-74.110074,40.869555
usa-m-000279,-87.914293,41.889275
usa-m-000280,-82.923038,42.434294
usa-m-000281,-74.085828,40.634757
usa-m-000282,-82.799752,27.968942
usa-m-000283,-84.168944,31.574204
usa-m-000284,-74.396689,40.632965
usa-m-000285,-81.478013,28.257788
usa-m-000286,-106.544090,35.108690
usa-m-000287,-98.452446,29.424838
usa-m-000288,-98.566774,29.522480
usa-m-000289,-118.993122,35.378826
usa-m-000290,-96.092104,41.259923
usa-m-000291,-82.469430,27.981190
usa-m-000292,-73.516792,41.093505
usa-m-000293,-86.012598,39.965652
usa-m-000294,-76.923050,38.849990
usa-m-000295,-71.419944,41.851669
usa-m-000296,-88.058613,42.046779
usa-m-000297,-73.994794,40.612973
usa-m-000298,-73.896613,40.822863
usa-m-000299,-74.730778,40.136908
usa-m-000300,-77.379247,39.006453
usa-m-000301,-73.924537,40.838208
usa-m-000302,-73.864963,40.865633
usa-m-000303,-71.137947,42.354493
usa-m-000304,-122.335427,47.504649
usa-m-000305,-90.508323,38.568515
usa-m-000306,-95.385649,29.701065
usa-m-000307,-76.156189,43.063860
usa-m-000308,-82.389657,28.065071
usa-m-000309,-82.955390,40.029930
usa-m-000310,-121.957167,37.279240
usa-m-000311,-111.927378,40.663799
usa-m-000312,-71.079794,42.312354
usa-m-000313,-73.864358,40.873079
usa-m-000314,-77.125510,39.049170
usa-m-000315,-122.412086,37.782415
usa-m-000316,-122.311841,47.488949
usa-m-000317,-83.124821,42.314455
usa-m-000318,-83.336970,42.310603
usa-m-000319,-91.854358,45.400228
usa-m-000320,-91.436010,44.803852
usa-m-000321,-77.092243,38.737054
usa-m-000322,-87.914202,42.581697
usa-m-000323,-73.994131,40.639530
usa-m-000324,-77.048230,38.915535
usa-m-000325,-96.600508,32.970860
usa-m-000326,-80.118244,26.237472
usa-m-000327,-88.198222,30.691316
usa-m-000328,-96.700892,40.763181
usa-m-000329,-118.341651,34.838319
usa-m-000330,-83.185791,42.334010
usa-m-000331,-83.143412,42.304370
usa-m-000332,-74.411110,40.907280
usa-m-000333,-98.473550,34.618300
usa-m-000334,-71.051755,42.402270
usa-m-000335,-83.248340,42.291034
usa-m-000336,-81.349691,28.695050
usa-m-000337,-88.384907,42.172264
usa-m-000338,-83.070190,42.622650
usa-m-000339,-70.937192,42.595931
usa-m-000340,-73.965798,40.582599
usa-m-000341,-73.071014,41.676009
usa-m-000342,-96.118482,41.243585
usa-m-000343,-84.996560,41.936030
usa-m-000344,-74.197730,42.944180
usa-m-000345,-82.976897,40.087577
usa-m-000346,-73.889681,40.743063
usa-m-000347,-73.786370,40.708787
usa-m-000348,-73.895112,40.748594
usa-m-000349,-76.471930,39.367619
usa-m-000350,-93.288371,44.997296
usa-m-000351,-79.881768,40.443495
usa-m-000352,-73.885710,40.934790
usa-m-000353,-85.672487,40.087945
usa-m-000354,-71.158100,42.627280
usa-m-000355,-85.004230,41.631250
usa-m-000356,-73.751678,40.683770
usa-m-000357,-73.886471,40.866969
usa-m-000358,-85.813862,33.668620
usa-m-000359,-85.824060,33.670160
usa-m-000360,-122.534728,45.526319
usa-m-000361,-73.955700,40.800566
usa-m-000362,-74.160225,40.930278
usa-m-000363,-74.123863,40.873087
usa-m-000364,-73.793921,40.710968
usa-m-000365,-117.434750,34.115020
usa-m-000366,-121.383886,38.596814
usa-m-000367,-76.934340,38.911310
usa-m-000368,-71.134344,42.351766
usa-m-000369,-73.782708,40.711439
usa-m-000370,-111.992754,33.375503
usa-m-000371,-97.104330,32.718280
usa-m-000372,-78.781840,42.859135
usa-m-000373,-118.833425,35.205679
usa-m-000374,-122.721837,45.450917
usa-m-000375,-115.151293,36.180002
usa-m-000376,-82.965218,40.019081
usa-m-000377,-82.951989,40.077574
usa-m-000378,-73.772195,42.663965
usa-m-000379,-74.066539,40.731630
usa-m-000380,-83.669820,42.963280
usa-m-000381,-73.805724,40.676136
usa-m-000382,-86.126981,39.840445
usa-m-000383,-86.713255,36.128920
usa-m-000384,-80.179394,26.062015
usa-m-000385,-81.435742,28.263958
usa-m-000386,-95.146363,29.565261
usa-m-000387,-73.990742,40.720174
usa-m-000388,-80.094177,26.364490
usa-m-000389,-93.038780,45.002669
usa-m-000390,-72.993526,41.538833
usa-m-000391,-73.940475,40.815168
usa-m-000392,-74.852440,39.979090
usa-m-000393,-71.020410,42.428819
usa-m-000394,-74.370236,40.296504
usa-m-000395,-73.926588,40.772201
usa-m-000396,-73.910018,40.774701
usa-m-000397,-96.176595,41.290729
usa-m-000398,-73.953470,40.680320
usa-m-000399,-81.442307,40.498548
usa-m-000400,-83.661347,42.249109
usa-m-000401,-95.328380,29.810320
usa-m-000402,-83.441371,33.968915
usa-m-000403,-84.310666,33.738345
usa-m-000404,-74.570220,39.474490
usa-m-000405,-96.758600,43.540120
usa-m-000406,-80.083133,40.408710
usa-m-000407,-80.083295,40.409270
usa-m-000408,-85.479070,32.599852
usa-m-000409,-76.960604,38.936588
usa-m-000410,-81.864676,26.635532
usa-m-000411,-94.772999,39.144191
usa-m-000412,-98.518540,33.966320
usa-m-000413,-82.923946,39.853911
usa-m-000414,-77.329470,38.566300
usa-m-000415,-119.878428,36.839146
usa-m-000416,-83.019225,42.573802
usa-m-000417,-74.939778,40.013622
usa-m-000418,-76.639912,39.285389
usa-m-000419,-121.916116,47.864529
usa-m-000420,-74.342894,40.384156
usa-m-000421,-73.987309,40.591882
usa-m-000422,-97.262433,32.717688
usa-m-000423,-74.026740,42.857790
usa-m-000424,-86.152719,39.819709
usa-m-000425,-76.982077,39.102818
usa-m-000426,-76.529047,39.311165
usa-m-000427,-75.151548,39.998027
usa-m-000428,-84.167026,33.931371
usa-m-000429,-80.151144,25.993502
usa-m-000430,-73.864219,40.837702
usa-m-000431,-73.799760,40.692980
usa-m-000432,-81.537710,41.401890
usa-m-000433,-73.846348,40.834210
usa-m-000434,-78.812418,42.904780
usa-m-000435,-72.840230,41.519690
usa-m-000436,-75.450194,40.566770
usa-m-000437,-73.901244,40.755304
usa-m-000438,-90.253858,38.690438
usa-m-000439,-73.874341,40.759278
usa-m-000440,-73.947082,40.678596
usa-m-000441,-76.083325,43.094092
usa-m-000442,-88.180704,42.024062
usa-m-000443,-73.907092,40.855643
usa-m-000444,-78.783850,42.917010
usa-m-000445,-73.978710,40.640219
usa-m-000446,-77.118049,38.723392
usa-m-000447,-73.846968,40.839959
usa-m-000448,-73.871821,40.676905
usa-m-000449,35.176391,31.619346
usa-m-000450,-73.777256,42.661870
usa-m-000451,-77.090531,38.849613
usa-m-000452,-118.071543,33.839486
usa-m-000453,-97.698643,30.500990
usa-m-000454,-88.041790,42.987840
usa-m-000455,-115.237400,36.218160
usa-m-000456,-77.567629,43.159671
usa-m-000457,-73.849959,40.680125
usa-m-000458,-73.884807,40.761557
usa-m-000459,-72.575422,42.086641
usa-m-000460,-73.936941,40.651879
usa-m-000461,-95.440880,29.964527
usa-m-000462,-73.962726,40.678465
usa-m-000463,-73.854290,40.835482
usa-m-000464,-73.978219,40.638115
usa-m-000465,-96.954013,32.839531
usa-m-000466,-156.754653,71.300873
usa-m-000467,-95.994013,36.776925
usa-m-000468,-89.843557,35.240155
usa-m-000469,-78.824124,42.836190
usa-m-000470,-75.241850,39.990790
usa-m-000471,-85.670040,30.208080
usa-m-000472,-74.031488,40.612711
usa-m-000473,-122.387991,37.728241
usa-m-000474,-81.572524,30.220111
usa-m-000475,-74.111712,40.662449
usa-m-000476,-97.391604,32.628633
usa-m-000477,-72.518777,41.769606
usa-m-000478,-74.314825,40.375989
usa-m-000479,-94.093192,30.033877
usa-m-000480,-74.015582,40.636791
usa-m-000481,-95.928055,41.153175
usa-m-000482,-73.540227,40.685067
usa-m-000483,-74.978272,40.091662
usa-m-000484,-94.234740,36.371350
usa-m-000485,-74.045626,40.884462
usa-m-000486,-122.252718,37.861957
usa-m-000487,-72.751491,41.603162
usa-m-000488,-92.291350,42.433750
usa-m-000489,-90.240414,38.637684
usa-m-000490,-122.199600,47.972700
usa-m-000491,-85.557959,42.299356
usa-m-000492,-121.561965,39.126689
usa-m-000493,-73.451953,40.730388
usa-m-000494,-70.255939,43.666601
usa-m-000495,-78.890068,42.923791
usa-m-000496,-74.093089,40.697265
usa-m-000497,-83.664735,42.216276
usa-m-000498,-77.409867,37.527768
usa-m-000499,-122.842580,45.490140
usa-m-000500,-71.225391,42.527236
usa-m-000501,-108.469477,45.820900
usa-m-000502,-88.878608,30.399823
usa-m-000503,-76.044212,42.081795
usa-m-000504,-86.906039,33.495915
usa-m-000505,-86.791532,33.486651
usa-m-000506,-86.814780,33.419536
usa-m-000507,-121.831769,37.236085
usa-m-000508,-81.721690,26.335850
usa-m-000509,-71.601368,42.284348
usa-m-000510,-71.601368,42.284348
usa-m-000511,-77.688365,43.117448
usa-m-000512,-85.650205,38.196624
usa-m-000513,-74.852134,40.857235
usa-m-000514,-85.647307,42.911120
usa-m-000515,-96.540433,32.967945
usa-m-000516,-70.989808,42.400025
usa-m-000517,-72.674740,41.731980
usa-m-000518,-78.802538,42.979991
usa-m-000519,-73.935873,40.756003
usa-m-000520,-90.277045,38.541866
usa-m-000521,-93.620254,41.626828
usa-m-000522,-80.097223,42.108123
usa-m-000523,-82.716086,27.871468
usa-m-000524,-117.958130,33.779150
usa-m-000525,-71.093380,42.320350
usa-m-000526,-95.579082,29.618897
usa-m-000527,-121.710495,37.961188
usa-m-000528,-73.198027,41.173463
usa-m-000529,-75.216704,39.427117
usa-m-000530,-73.955901,40.707915
usa-m-000531,-73.908425,40.851097
usa-m-000532,-73.867278,40.830635
usa-m-000533,-73.900537,40.865372
usa-m-000534,-73.972460,40.645505
usa-m-000535,-81.747695,41.474348
usa-m-000536,-105.072650,39.912750
usa-m-000537,-78.842584,42.892010
usa-m-000538,-78.814079,42.944635
usa-m-000539,-78.838836,42.900440
usa-m-000540,-78.811030,42.945580
usa-m-000541,-81.761375,32.465284
usa-m-000542,-104.855605,39.738143
usa-m-000543,-87.880400,43.013900
usa-m-000544,-93.255627,44.784933
usa-m-000545,-121.309259,38.095305
usa-m-000546,-73.908172,40.636903
usa-m-000547,-83.497000,42.346700
usa-m-000548,-73.849059,40.815505
usa-m-000549,-73.849457,40.823780
usa-m-000550,-83.051150,42.506360
usa-m-000551,-75.163372,39.949022
usa-m-000552,-73.753735,40.714167
usa-m-000553,-122.010430,37.562580
usa-m-000554,-120.426430,34.954069
usa-m-000555,-81.833036,38.387826
usa-m-000556,-79.950552,32.806326
usa-m-000557,-78.838650,42.936010
usa-m-000558,-121.013480,37.712300
usa-m-000559,-87.707793,41.778606
usa-m-000560,-87.782944,41.989878
usa-m-000561,-121.862691,39.734011
usa-m-000562,-73.424880,40.843950
usa-m-000563,-117.701725,34.011090
usa-m-000564,-84.530778,39.119188
usa-m-000565,-74.201465,40.938134
usa-m-000566,-77.097835,38.884925
usa-m-000567,-95.108839,29.553630
usa-m-000568,-95.125430,29.557820
usa-m-000569,-84.517974,39.149456
usa-m-000570,-104.806895,39.651758
usa-m-000571,-121.401050,38.615195
usa-m-000572,-73.846087,40.784111
usa-m-000573,-81.028977,34.039208
usa-m-000574,-73.951178,40.810176
usa-m-000575,-84.425057,33.740199
usa-m-000576,-83.973510,33.925530
usa-m-000577,-78.915975,40.319280
usa-m-000578,-73.981045,40.822369
usa-m-000579,-76.108300,36.755120
usa-m-000580,-77.464402,38.912765
usa-m-000581,-97.494166,35.396564
usa-m-000582,-89.495466,36.492749
usa-m-000583,-70.318246,43.699751
usa-m-000584,-81.419921,41.370402
usa-m-000585,-95.698482,30.000988
usa-m-000586,-72.975764,41.681423
usa-m-000587,-74.290820,40.594634
usa-m-000588,-77.092139,38.791844
usa-m-000589,-76.564453,39.345799
usa-m-000590,-97.003426,32.816470
usa-m-000591,-96.910800,32.668110
usa-m-000592,-96.575107,32.988166
usa-m-000593,-96.710203,33.026305
usa-m-000594,-122.465880,37.690890
usa-m-000595,35.115352,31.458040
usa-m-000596,-93.997344,44.167355
usa-m-000597,-96.857567,32.550107
usa-m-000598,-93.264385,44.854768
usa-m-000599,-74.270915,40.972623
usa-m-000600,-77.146769,38.861472
usa-m-000601,-93.247637,44.968526
usa-m-000602,-77.125501,38.847311
usa-m-000603,-106.309804,36.232048
usa-m-000604,-71.062304,42.355827
usa-m-000605,-93.268558,45.013375
usa-m-000606,-77.268238,38.637369
usa-m-000607,-83.316760,42.340710
usa-m-000608,-73.806709,40.762550
usa-m-000609,-76.884441,39.236660
usa-m-000610,-81.558554,30.282270
usa-m-000611,-97.415053,32.805182
usa-m-000612,-97.178157,32.833173
usa-m-000613,-77.370290,38.676650
usa-m-000614,-121.937528,37.505759
usa-m-000615,-74.683070,40.151440
usa-m-000616,-74.349980,40.780790
usa-m-000617,-84.387760,39.367610
usa-m-000618,-97.136288,32.656794
usa-m-000619,-97.111653,32.757000
usa-m-000620,-90.642157,38.732821
usa-m-000621,-74.214752,40.676523
usa-m-000622,-76.911513,39.014915
usa-m-000623,-93.283408,44.777903
usa-m-000624,-87.699945,42.055400
usa-m-000625,-86.888179,33.368078
usa-m-000626,-73.914920,40.818787
usa-m-000627,-78.835510,42.905470
usa-m-000628,-93.658500,42.033855
usa-m-000629,-117.807277,33.714071
usa-m-000630,-73.892850,40.748306
usa-m-000631,-77.118730,38.838690
usa-m-000632,-77.175980,38.780078
usa-m-000633,-84.033370,33.835240
usa-m-000634,-89.429100,43.075700
usa-m-000635,-74.001426,40.871610
usa-m-000636,-82.233582,29.187825
usa-m-000637,-73.979665,40.640085
usa-m-000638,-121.479202,38.492696
usa-m-000639,-80.228736,26.008843
usa-m-000640,-81.269553,41.752375
usa-m-000641,-83.079892,42.504969
usa-m-000642,-81.461513,28.313862
usa-m-000643,-74.180069,40.921459
usa-m-000644,-73.805964,40.707021
usa-m-000645,-79.016422,43.095313
usa-m-000646,-95.658020,29.646330
usa-m-000647,-73.780273,40.702063
usa-m-000648,-117.166310,32.879300
usa-m-000649,-84.034735,34.083781
usa-m-000650,-73.808665,40.706675
usa-m-000651,-84.096510,33.932651
usa-m-000652,-73.864313,40.847471
usa-m-000653,-122.411875,37.781448
usa-m-000654,-81.630079,28.187229
usa-m-000655,-83.356657,42.446125
usa-m-000656,-118.643800,34.173857
usa-m-000657,-119.046120,35.319890
usa-m-000658,-121.963518,37.582291
usa-m-000659,-96.934228,32.799481
usa-m-000660,-74.443727,40.414623
usa-m-000661,-71.315572,42.562300
usa-m-000662,-97.635830,30.400879
usa-m-000663,-84.227300,39.783740
usa-m-000664,-81.319960,29.006800
usa-m-000665,-104.936029,39.677617
usa-m-000666,-116.363000,33.717000
usa-m-000667,-96.868650,32.590530
usa-m-000668,-74.279400,40.256080
usa-m-000669,-102.781260,46.880110
usa-m-000670,-119.401580,36.560192
usa-m-000671,-73.955000,40.639420
usa-m-000672,-76.844099,38.983288
usa-m-000673,-96.705676,32.974749
usa-m-000674,-72.501631,42.158866
usa-m-000675,-73.983750,40.827380
usa-m-000676,-85.626123,38.180289
usa-m-000677,-76.396434,40.060586
usa-m-000678,-72.874783,41.330139
usa-m-000679,-72.627391,42.100654
usa-m-000680,-78.848246,42.890775
usa-m-000681,-96.901015,32.634125
usa-m-000682,-83.783905,43.010496
usa-m-000683,-73.874641,40.766362
usa-m-000684,-97.012041,47.939918
usa-m-000685,-111.640990,33.396310
usa-m-000686,-86.140601,32.335897
usa-m-000687,-96.646613,33.010077
usa-m-000688,-95.905221,33.246955
usa-m-000689,-95.235080,32.329030
usa-m-000690,-92.851972,44.944897
usa-m-000691,-75.222665,40.687832
usa-m-000692,-75.222665,40.687832
usa-m-000693,-93.424072,44.912222
usa-m-000694,-74.404170,40.506192
usa-m-000695,-95.549407,29.788784
usa-m-000696,-74.143660,41.001163
usa-m-000697,-73.876850,40.735242
usa-m-000698,-73.886338,40.743359
usa-m-000699,-73.692876,40.708535
usa-m-000700,-122.266748,37.821983
usa-m-000701,-76.048934,42.102324
usa-m-000702,-105.048470,40.051372
usa-m-000703,-80.290388,25.709034
usa-m-000704,-122.221262,37.474264
usa-m-000705,-111.858662,33.321676
usa-m-000706,-72.696581,41.767937
usa-m-000707,-122.285002,47.455046
usa-m-000708,-122.225396,47.908661
usa-m-000709,-121.785220,37.340360
usa-m-000710,-95.578078,29.737880
usa-m-000711,-145.650794,64.079487
usa-m-000712,-74.903200,40.125350
usa-m-000713,-73.968756,40.640147
usa-m-000714,-118.106915,34.680803
usa-m-000715,-76.729907,39.293178
usa-m-000716,-87.689679,42.005900
usa-m-000717,-121.478146,38.644003
usa-m-000718,-80.424380,25.729760
usa-m-000719,-90.306750,29.958250
usa-m-000720,-72.859478,41.766424
usa-m-000721,-87.855279,42.445915
usa-m-000722,-95.524603,29.705571
usa-m-000723,-74.009194,40.635589
usa-m-000724,-73.117514,40.821352
usa-m-000725,-118.600098,34.202653
usa-m-000726,-84.229382,39.745398
usa-m-000727,-122.435145,37.639899
usa-m-000728,-85.456919,44.100671
usa-m-000729,-81.590927,41.460545
usa-m-000730,-77.026221,38.943663
usa-m-000731,-82.073759,33.512432
usa-m-000732,-71.795980,42.582228
usa-m-000733,-71.795980,42.582228
usa-m-000734,-84.393571,33.751794
usa-m-000735,-83.867751,42.999580
usa-m-000736,-87.668955,34.797831
usa-m-000737,-81.747449,28.572354
usa-m-000738,-81.688520,28.563610
usa-m-000739,-103.801818,40.253248
usa-m-000740,-82.307550,28.058520
usa-m-000741,-88.470635,44.143579
usa-m-000742,-77.449587,38.309412
usa-m-000743,-78.890950,42.927560
usa-m-000744,-85.888133,42.961741
usa-m-000745,-117.933510,33.867090
usa-m-000746,-73.806406,40.712862
usa-m-000747,-73.855179,40.681848
usa-m-000748,-121.400750,38.599300
usa-m-000749,-73.958984,40.643489
usa-m-000750,-73.906907,40.828030
usa-m-000751,-73.946124,40.806163
usa-m-000752,-96.749514,33.122872
usa-m-000753,-85.985391,34.001129
usa-m-000754,-83.818616,34.295557
usa-m-000755,-108.686795,35.528964
usa-m-000756,-75.071366,39.498287
usa-m-000757,-73.924268,40.689131
usa-m-000758,-73.824335,40.832269
usa-m-000759,-74.968925,39.914038
usa-m-000760,-97.604350,30.560765
usa-m-000761,-77.075130,38.906960
usa-m-000762,-83.971703,33.934345
usa-m-000763,-117.119408,32.572673
usa-m-000764,-75.742948,39.600499
usa-m-000765,-75.103040,39.703840
usa-m-000766,-83.672409,42.887023
usa-m-000767,-90.243754,38.595405
usa-m-000768,-98.341450,40.904515
usa-m-000769,-97.573289,35.521277
usa-m-000770,-97.056771,32.771973
usa-m-000771,-86.115434,41.758141
usa-m-000772,-84.454630,39.203260
usa-m-000773,-104.690685,40.413570
usa-m-000774,-73.950496,40.725355
usa-m-000775,-73.956550,40.736350
usa-m-000776,-84.115960,33.940650
usa-m-000777,-96.108330,33.111960
usa-m-000778,-112.203755,33.625365
usa-m-000779,-85.634240,38.197180
usa-m-000780,-73.993049,40.605823
usa-m-000781,-89.113492,30.360934
usa-m-000782,-73.861731,40.855565
usa-m-000783,-82.510040,28.042024
usa-m-000784,-76.693681,39.334430
usa-m-000785,-73.919240,40.768800
usa-m-000786,-95.493602,29.985145
usa-m-000787,-77.566185,43.160668
usa-m-000788,-74.895225,40.021721
usa-m-000789,-72.538260,42.363545
usa-m-000790,-121.402005,38.614671
usa-m-000791,-74.029324,40.618155
usa-m-000792,-84.248664,34.117371
usa-m-000793,-82.741456,28.212029
usa-m-000794,-76.287280,39.454100
usa-m-000795,-76.265070,39.503684
usa-m-000796,-73.950275,40.805745
usa-m-000797,-73.937140,40.806522
usa-m-000798,-71.110839,42.373207
usa-m-000799,-76.672324,39.324727
usa-m-000800,-75.287275,40.272615
usa-m-000801,-95.548172,29.714112
usa-m-000802,-78.683210,43.169850
usa-m-000803,-73.825058,40.768290
usa-m-000804,-73.963965,40.635015
usa-m-000805,-84.234639,33.563683
usa-m-000806,-77.607728,43.185410
usa-m-000807,-117.297870,34.526010
usa-m-000808,-122.376090,47.543030
usa-m-000809,-73.921072,40.845793
usa-m-000810,-73.698183,40.739939
usa-m-000811,-81.365304,28.754839
usa-m-000812,-82.342681,29.604817
usa-m-000813,-73.752455,40.708520
usa-m-000814,-73.756871,40.706370
usa-m-000815,-118.286117,34.095545
usa-m-000816,-106.521382,35.107955
usa-m-000817,-75.142252,39.858373
usa-m-000818,-88.058317,42.958720
usa-m-000819,-95.312132,29.667798
usa-m-000820,-73.788632,42.251224
usa-m-000821,-73.859548,41.326300
usa-m-000822,-73.964920,40.768608
usa-m-000823,-86.648463,34.742720
usa-m-000824,-122.103235,47.857830
usa-m-000825,-98.557767,29.533555
usa-m-000826,-115.277509,36.133401
usa-m-000827,-81.288110,28.735110
usa-m-000828,-83.149611,42.634768
usa-m-000829,-73.971002,40.693027
usa-m-000830,-111.972250,33.465850
usa-m-000831,-82.946590,40.011920
usa-m-000832,-95.378939,29.685400
usa-m-000833,-121.944690,37.520535
usa-m-000834,-73.844215,40.682295
usa-m-000835,-74.224148,40.710629
usa-m-000836,-83.579360,42.238950
usa-m-000837,-114.029598,35.225167
usa-m-000838,-106.295168,35.880468
usa-m-000839,-84.947207,32.421781
usa-m-000840,-93.254491,44.998535
usa-m-000841,-96.976045,32.969908
usa-m-000842,-85.568410,42.900860
usa-m-000843,-73.544221,41.060690
usa-m-000844,-80.274032,26.286930
usa-m-000845,-86.990151,34.553429
usa-m-000846,-86.349643,35.813743
usa-m-000847,-86.920230,36.117145
usa-m-000848,-96.699203,32.969225
usa-m-000849,-85.667091,30.787961
usa-m-000850,-73.678934,40.734200
usa-m-000851,-77.082156,38.750736
usa-m-000852,-73.526340,40.691460
usa-m-000853,-122.288848,47.856048
usa-m-000854,-110.885418,32.237724
usa-m-000855,-112.001587,43.478921
usa-m-000856,-76.944380,39.108695
usa-m-000857,-122.312866,47.708727
usa-m-000858,-82.517978,27.977301
usa-m-000859,-81.268644,28.575379
usa-m-000860,-77.172892,38.795195
usa-m-000861,-84.222409,39.205627
usa-m-000862,-96.734624,33.007976
usa-m-000863,-87.469390,41.538780
usa-m-000864,-77.037438,39.004261
usa-m-000865,-74.292430,40.193250
usa-m-000866,-110.891758,32.229112
usa-m-000867,-121.451869,38.610876
usa-m-000868,-77.165776,38.803981
usa-m-000869,-77.190645,38.743710
usa-m-000870,-97.037440,32.745310
usa-m-000871,-75.052090,39.943050
usa-m-000872,-116.956759,32.864898
usa-m-000873,-83.647124,41.741661
usa-m-000874,-118.474621,34.228081
usa-m-000875,-96.987980,30.855497
usa-m-000876,-77.337910,39.275730
usa-m-000877,-77.755500,37.700570
usa-m-000878,-119.045800,35.353500
usa-m-000879,-79.735690,40.458910
usa-m-000880,-122.204075,47.679440
usa-m-000881,-118.409556,34.028161
usa-m-000882,-70.989465,42.240275
usa-m-000883,-83.040807,42.390987
usa-m-000884,-115.563300,32.792000
usa-m-000885,-117.475707,34.135005
usa-m-000886,-85.679582,42.963833
usa-m-000887,-85.659000,42.967000
usa-m-000888,-85.888595,42.962709
usa-m-000889,-88.474420,43.379150
usa-m-000890,-83.066685,42.503395
usa-m-000891,-96.887330,32.952840
usa-m-000892,-74.433100,40.551370
usa-m-000893,-121.271070,37.965040
usa-m-000894,-76.040811,42.098287
usa-m-000895,-73.544984,40.733430
usa-m-000896,-71.101239,41.923542
usa-m-000897,-77.130996,38.808010
usa-m-000898,-73.974678,40.610005
usa-m-000899,-93.429000,44.854700
usa-m-000900,-74.871706,40.135033
usa-m-000901,-81.520217,27.515055
usa-m-000902,-81.761931,28.002312
usa-m-000903,-95.571738,29.568036
usa-m-000904,-95.671660,29.862280
usa-m-000905,-95.615780,29.665353
usa-m-000906,-95.637755,29.709322
usa-m-000907,-95.571340,29.658030
usa-m-000908,-95.179690,29.781740
usa-m-000909,-95.425067,29.736869
usa-m-000910,-71.358177,42.623361
usa-m-000911,-72.864250,40.792600
usa-m-000912,-118.324787,33.988857
usa-m-000913,-73.910151,40.849010
usa-m-000914,-97.761060,30.439860
usa-m-000915,-93.865357,41.781694
usa-m-000916,-93.703326,41.629161
usa-m-000917,-84.502650,39.074917
usa-m-000918,-77.611622,43.253518
usa-m-000919,-96.634598,32.797300
usa-m-000920,-96.683520,33.097150
usa-m-000921,-96.877786,32.964351
usa-m-000922,-97.160820,32.868790
usa-m-000923,-96.751573,33.059828
usa-m-000924,-96.885190,32.589450
usa-m-000925,-80.070457,42.114732
usa-m-000926,-97.251748,32.868219
usa-m-000927,-97.083100,33.035229
usa-m-000928,-97.383736,37.676869
usa-m-000929,-96.730690,32.939560
usa-m-000930,-86.425536,42.089167
usa-m-000931,-97.393780,32.726788
usa-m-000932,-76.864650,42.169060
usa-m-000933,-78.848238,38.440616
usa-m-000934,-81.696750,38.359830
usa-m-000935,-81.170220,37.799300
usa-m-000936,-75.908279,42.092446
usa-m-000937,-122.535430,45.476230
usa-m-000938,-73.884630,40.856871
usa-m-000939,-124.082800,40.866500
usa-m-000940,-94.616330,35.244937
usa-m-000941,-122.278000,47.829000
usa-m-000942,-83.253980,42.386240
usa-m-000943,-76.860580,40.245720
usa-m-000944,-72.672144,41.584005
usa-m-000945,-74.519908,40.893741
usa-m-000946,-77.341280,38.845990
usa-m-000947,-118.553150,34.223600
usa-m-000948,-122.270226,37.773380
usa-m-000949,-84.165973,31.575019
usa-m-000950,-80.224819,40.582065
usa-m-000951,-83.229648,42.330062
usa-m-000952,-74.205789,40.765220
usa-m-000953,-117.958845,33.848620
usa-m-000954,-121.832350,38.011810
usa-m-000955,-97.116450,34.203500
usa-m-000956,-112.061840,33.568765
usa-m-000957,-118.829335,35.194147
usa-m-000958,-81.559730,37.447510
usa-m-000959,-96.907764,33.220439
usa-m-000960,-119.017900,35.348500
usa-m-000961,-91.185971,30.417988
usa-m-000962,-91.101065,30.449236
usa-m-000963,-94.985321,29.764477
usa-m-000964,-116.976760,33.942270
usa-m-000965,-118.171280,33.975910
usa-m-000966,-85.482792,43.703989
usa-m-000967,-122.746902,48.989389
usa-m-000968,-86.509950,39.163355
usa-m-000969,-80.093038,26.381221
usa-m-000970,-89.961160,35.044235
usa-m-000971,-71.342891,42.361197
usa-m-000972,-122.190280,47.777850
usa-m-000973,-105.226092,40.000698
usa-m-000974,-86.498038,36.992023
usa-m-000975,-111.057301,45.682405
usa-m-000976,-82.298446,27.945486
usa-m-000977,-80.271177,26.178601
usa-m-000978,-97.792185,30.508115
usa-m-000979,-114.589743,35.041689
usa-m-000980,-118.441023,34.283524
usa-m-000981,-71.213748,42.487654
usa-m-000982,-70.397051,41.653885
usa-m-000983,-81.941970,26.626271
usa-m-000984,-89.221418,37.722076
usa-m-000985,-121.760353,36.768212
usa-m-000986,-91.710408,41.968235
usa-m-000987,-84.205909,39.596289
usa-m-000988,-92.332182,38.949367
usa-m-000989,-75.361666,39.850408
usa-m-000990,-104.818140,41.174050
usa-m-000991,-87.704950,41.989230
usa-m-000992,-117.067010,32.607455
usa-m-000993,-117.749020,34.108980
usa-m-000994,-122.553100,45.615600
usa-m-000995,-87.309820,36.516280
usa-m-000996,-81.706450,28.523560
usa-m-000997,-81.780822,41.398857
usa-m-000998,-81.021313,34.005612
usa-m-000999,-118.933403,34.178240
usa-m-001000,-72.671365,41.811710
usa-m-001001,-122.025431,37.974292
usa-m-001002,-77.991400,38.500760
usa-m-001003,-118.030160,33.816809
usa-m-001004,-121.756300,38.546534
usa-m-001005,-84.245060,39.631730
usa-m-001006,-81.056106,29.220208
usa-m-001007,-73.318540,40.758990
usa-m-001008,-88.766122,41.942119
usa-m-001009,-75.299376,39.965949
usa-m-001010,-81.284719,28.899006
usa-m-001011,-93.703033,41.611649
usa-m-001012,-83.183868,42.351840
usa-m-001013,-74.410108,40.415311
usa-m-001014,-84.494359,42.724177
usa-m-001015,-75.299101,38.721434
usa-m-001016,-116.971600,32.646800
usa-m-001017,-122.144076,47.610189
usa-m-001018,-122.151177,47.629159
usa-m-001019,-116.971932,32.790058
usa-m-001020,-106.517400,31.843900
usa-m-001021,-85.838187,37.724781
usa-m-001022,-96.179145,38.411955
usa-m-001023,-117.081605,33.115788
usa-m-001024,-97.089976,32.835224
usa-m-001025,-87.431709,37.973926
usa-m-001026,-74.786345,40.248140
usa-m-001027,-84.045634,39.780877
usa-m-001028,-122.030440,38.265370
usa-m-001029,-122.289938,47.358187
usa-m-001030,-73.706580,40.642640
usa-m-001031,-111.619176,35.206255
usa-m-001032,-80.491418,25.458936
usa-m-001033,-96.432442,32.759271
usa-m-001034,-105.094502,40.568471
usa-m-001035,-80.334953,27.393373
usa-m-001036,-85.122475,41.077499
usa-m-001037,-117.955813,33.722312
usa-m-001038,-77.569989,38.289224
usa-m-001039,-121.959705,37.531379
usa-m-001040,-96.834746,33.172282
usa-m-001041,-94.776474,29.303766
usa-m-001042,-118.241440,34.138760
usa-m-001043,-105.213754,39.750180
usa-m-001044,-87.853368,41.864929
usa-m-001045,-108.559132,39.073165
usa-m-001046,-85.636168,42.927409
usa-m-001047,-97.686761,30.299431
usa-m-001048,-81.213222,34.709143
usa-m-001049,-82.962813,39.966977
usa-m-001050,-80.271891,25.940798
usa-m-001051,-112.057773,33.373656
usa-m-001052,-83.618617,41.528150
usa-m-001053,-72.926654,41.342657
usa-m-001054,-76.376004,37.053979
usa-m-001055,-83.060692,42.400302
usa-m-001056,-97.677885,26.162745
usa-m-001057,-74.157767,40.745198
usa-m-001058,-89.327500,31.327450
usa-m-001059,-155.073200,19.711600
usa-m-001060,-118.353892,33.921695
usa-m-001061,-97.808203,30.031820
usa-m-001062,-90.346298,38.777319
usa-m-001063,-116.888786,33.748308
usa-m-001064,-77.491170,37.616540
usa-m-001065,-82.493632,28.522768
usa-m-001066,-97.208005,31.478820
usa-m-001067,-90.685770,29.570660
usa-m-001068,-74.895980,40.503388
usa-m-001069,-79.207959,40.621795
usa-m-001070,-118.350930,33.952965
usa-m-001071,-117.604092,34.123143
usa-m-001072,-117.765509,33.696499
usa-m-001073,-97.010817,32.843423
usa-m-001074,-88.913280,35.612249
usa-m-001075,-73.889565,40.758669
usa-m-001076,-97.588102,30.781385
usa-m-001077,-74.069475,40.716895
usa-m-001078,-82.405115,36.285417
usa-m-001079,-94.691042,38.853762
usa-m-001080,-78.847950,40.243840
usa-m-001081,-90.688280,35.844930
usa-m-001082,-117.521559,33.996096
usa-m-001083,-94.756944,38.869776
usa-m-001084,-122.198071,47.414210
usa-m-001085,-122.664557,47.572097
usa-m-001086,-111.937907,41.156599
usa-m-001087,-92.013740,30.211380
usa-m-001088,-82.758890,30.195310
usa-m-001089,-82.758890,30.195310
usa-m-001090,-74.357833,40.859598
usa-m-001091,-97.930130,30.411150
usa-m-001092,-81.973300,28.066350
usa-m-001093,-76.306264,40.041933
usa-m-001094,-84.537390,42.746250
usa-m-001095,-105.588745,41.309641
usa-m-001096,-99.482671,27.553722
usa-m-001097,-121.282239,37.830593
usa-m-001098,-112.168672,33.362468
usa-m-001099,-95.251689,38.949559
usa-m-001100,-94.911428,39.282999
usa-m-001101,-84.508126,38.036367
usa-m-001102,-99.740495,40.777218
usa-m-001103,-76.480430,38.286440
usa-m-001104,-83.176941,42.249093
usa-m-001105,-92.332563,34.722607
usa-m-001106,-92.437690,34.751220
usa-m-001107,-121.661300,39.276700
usa-m-001108,-121.754733,37.680364
usa-m-001109,-117.119087,32.701004
usa-m-001110,-73.570719,40.765764
usa-m-001111,-94.750193,32.573798
usa-m-001112,-85.762210,38.222710
usa-m-001113,-94.759500,31.329540
usa-m-001114,-83.671167,32.815576
usa-m-001115,-68.658426,44.894344
usa-m-001116,-96.604300,39.192664
usa-m-001117,-121.233460,37.788690
usa-m-001118,-122.036700,47.401500
usa-m-001119,-81.449075,39.419025
usa-m-001120,-77.149917,39.174427
usa-m-001121,-84.338150,39.341600
usa-m-001122,-156.468100,20.889400
usa-m-001123,-88.295064,42.242126
usa-m-001124,-72.985324,40.847223
usa-m-001125,-73.401069,40.782916
usa-m-001126,-120.539554,37.321776
usa-m-001127,-86.972850,41.666930
usa-m-001128,-117.087385,32.748750
usa-m-001129,-118.118670,33.917980
usa-m-001130,-83.667965,32.632850
usa-m-001131,-84.310710,43.665410
usa-m-001132,-122.522203,37.906486
usa-m-001133,-117.136500,32.915400
usa-m-001134,-88.802142,33.464333
usa-m-001135,-88.664906,32.403683
usa-m-001136,-121.033040,37.656630
usa-m-001137,-121.966109,47.859557
usa-m-001138,-74.687970,41.658300
usa-m-001139,-79.961898,39.649847
usa-m-001140,-84.955984,43.917590
usa-m-001141,-92.561639,36.422644
usa-m-001142,-88.326418,36.618839
usa-m-001143,-88.121352,41.749246
usa-m-001144,-88.201516,41.753990
usa-m-001145,-81.729210,26.127040
usa-m-001146,-86.789957,36.124229
usa-m-001147,-80.330544,40.985941
usa-m-001148,-70.979322,42.243345
usa-m-001149,-71.195209,42.095668
usa-m-001150,-72.082900,41.354870
usa-m-001151,-106.621670,35.068219
usa-m-001152,-82.724490,28.227580
usa-m-001153,-73.786509,40.918213
usa-m-001154,-78.767326,42.929364
usa-m-001155,-111.818582,33.589263
usa-m-001156,-84.323373,34.073466
usa-m-001157,-118.359410,34.173410
usa-m-001158,-94.548735,39.190145
usa-m-001159,-122.566122,38.099549
usa-m-001160,-112.108289,33.608104
usa-m-001161,-118.122960,34.656496
usa-m-001162,-81.524510,30.307230
usa-m-001163,-81.777318,41.459448
usa-m-001164,-84.649483,39.000230
usa-m-001165,-75.854220,44.037700
usa-m-001166,-94.583200,39.254050
usa-m-001167,-118.515637,34.278570
usa-m-001168,-94.180659,36.063424
usa-m-001169,-87.195490,30.516707
usa-m-001170,-122.267618,37.819851
usa-m-001171,-82.119150,29.200140
usa-m-001172,-74.243803,40.038138
usa-m-001173,-74.238790,40.450795
usa-m-001174,-86.553556,45.825803
usa-m-001175,-96.025904,41.291255
usa-m-001176,-96.025904,41.291255
usa-m-001177,-81.776540,30.204949
usa-m-001178,-81.775740,30.127760
usa-m-001179,-81.502657,28.398597
usa-m-001180,-81.408610,28.318010
usa-m-001181,-76.774620,39.438185
usa-m-001182,-76.976854,40.222218
usa-m-001183,-88.627629,37.056180
usa-m-001184,-80.054370,26.803980
usa-m-001185,-81.224162,29.474550
usa-m-001186,-95.553540,33.663540
usa-m-001187,-74.415226,40.867381
usa-m-001188,-74.140320,40.917593
usa-m-001189,-74.170166,40.859711
usa-m-001190,-74.175186,40.932404
usa-m-001191,-89.658153,40.756648
usa-m-001192,-117.225208,33.842528
usa-m-001193,-122.645718,38.230338
usa-m-001194,-97.634842,30.471053
usa-m-001195,-92.042120,34.218460
usa-m-001196,-79.955732,40.448785
usa-m-001197,-73.562396,44.694725
usa-m-001198,-81.441087,28.211755
usa-m-001199,-81.731222,28.039898
usa-m-001200,-93.941788,29.884476
usa-m-001201,-122.803633,45.469655
usa-m-001202,-72.038018,41.501882
usa-m-001203,-73.904585,40.750046
usa-m-001204,-75.947673,40.335671
usa-m-001205,-122.362298,40.567284
usa-m-001206,-122.098252,47.667585
usa-m-001207,-118.529716,34.186231
usa-m-001208,-71.419222,41.815571
usa-m-001209,-117.334397,33.978519
usa-m-001210,-77.602100,43.114360
usa-m-001211,-74.061202,41.916736
usa-m-001212,-97.659529,30.490902
usa-m-001213,-93.150330,35.288174
usa-m-001214,-84.013116,43.470457
usa-m-001215,-83.928710,43.432410
usa-m-001216,-81.833409,38.386871
usa-m-001217,-94.831850,39.762770
usa-m-001218,-98.563294,29.521502
usa-m-001219,-117.165513,32.820542
usa-m-001220,-116.933517,32.821228
usa-m-001221,-122.416676,37.734713
usa-m-001222,-117.884526,33.994857
usa-m-001223,-117.846041,33.745190
usa-m-001224,-118.483872,34.462025
usa-m-001225,-81.161688,31.989382
usa-m-001226,-75.671675,41.438916
usa-m-001227,-86.182885,43.624997
usa-m-001228,-82.995262,42.656930
usa-m-001229,-96.702220,43.551020
usa-m-001230,-106.899150,34.074130
usa-m-001231,-118.311446,33.788841
usa-m-001232,-71.150980,41.700930
usa-m-001233,-90.313421,38.490879
usa-m-001234,-96.767908,32.769030
usa-m-001235,-80.145987,26.246534
usa-m-001236,-75.020147,40.003951
usa-m-001237,-81.757780,28.611690
usa-m-001238,-74.382840,40.451410
usa-m-001239,-72.593313,41.802979
usa-m-001240,-118.291218,34.066297
usa-m-001241,-97.134856,32.957670
usa-m-001242,-81.867248,26.615576
usa-m-001243,-117.317970,47.655638
usa-m-001244,-97.055282,32.741319
usa-m-001245,-81.362525,29.844440
usa-m-001246,-81.362525,29.844440
usa-m-001247,-74.218118,40.552346
usa-m-001248,-121.272010,37.943810
usa-m-001249,-80.317790,33.923860
usa-m-001250,-78.820130,42.910880
usa-m-001251,-84.299657,30.439083
usa-m-001252,-84.338780,30.502360
usa-m-001253,-117.124225,33.540438
usa-m-001254,-86.646439,36.046909
usa-m-001255,-87.410348,39.453400
usa-m-001256,-111.857624,33.311049
usa-m-001257,-72.298920,40.964130
usa-m-001258,-80.239108,27.248379
usa-m-001259,-76.294836,36.882919
usa-m-001260,-95.662961,39.018670
usa-m-001261,-119.345710,46.274800
usa-m-001262,-110.957703,32.234630
usa-m-001263,-87.555840,33.206860
usa-m-001264,-92.087130,46.847180
usa-m-001265,-74.286639,40.700714
usa-m-001266,-72.252144,41.812021
usa-m-001267,-121.982080,38.357910
usa-m-001268,-122.214476,38.085360
usa-m-001269,-119.177400,34.314800
usa-m-001270,-72.492777,41.839025
usa-m-001271,-74.247012,40.835763
usa-m-001272,-90.827290,32.338530
usa-m-001273,-117.300108,34.525670
usa-m-001274,-97.003311,28.819365
usa-m-001275,-77.553680,37.515190
usa-m-001276,-72.822939,41.450438
usa-m-001277,-122.073120,37.913491
usa-m-001278,-74.992875,40.766215
usa-m-001279,-77.056804,38.917143
usa-m-001280,-121.746879,36.921060
usa-m-001281,-84.697940,33.693870
usa-m-001282,-80.100620,40.647430
usa-m-001283,-81.901118,41.468838
usa-m-001284,-80.364485,26.093520
usa-m-001285,-88.093315,41.887587
usa-m-001286,-72.201022,41.728395
usa-m-001287,-72.650350,41.927320
usa-m-001288,-91.637465,44.052396
usa-m-001289,-88.416600,44.278130
usa-m-001290,-121.765163,38.674281
usa-m-001291,-96.567150,33.048448
usa-m-001292,-120.520180,46.593870
usa-m-001293,-73.899983,40.930147
usa-m-001294,-117.819177,33.896471
usa-m-001295,-121.663462,39.181277
usa-m-001296,-121.867983,37.669456
usa-m-001297,-73.249892,40.776683
usa-m-001298,-92.062941,32.608071
usa-m-001299,-119.100450,35.303818
usa-m-001300,-74.684914,40.273025
usa-m-001301,-73.794324,40.708211
usa-m-001302,-74.083570,40.714770
usa-m-001303,-83.924247,39.686423
usa-m-001304,-88.312966,42.042644
usa-m-001305,-90.273528,38.587097
usa-m-001306,-122.292500,38.314800
usa-m-001307,-149.861499,61.148109
usa-m-001308,-82.335410,29.652310
usa-m-001309,-122.922828,45.572020
usa-m-001310,-87.787391,41.938027
usa-m-001311,-76.880039,39.080613
usa-m-001312,-73.836247,40.958976
usa-m-001313,-93.265924,45.002837
usa-m-001314,-112.112957,33.545552
usa-m-001315,-77.217010,39.024760
usa-m-001316,-117.218165,34.038255
usa-m-001317,-73.191210,44.493370
usa-m-001318,-74.392120,40.842670
usa-m-001319,-83.254610,42.400640
usa-m-001320,-121.968650,37.321940
usa-m-001321,-116.333880,43.546201
usa-m-001322,-81.614209,30.301781
usa-m-001323,-96.347520,30.622235
usa-m-001324,-73.260228,41.322560
usa-m-001325,-97.760712,31.070102
usa-m-001326,-83.218140,42.772340
usa-m-001327,-121.657120,36.677740
usa-m-001328,-74.915927,39.760794
usa-m-001329,-82.037045,26.972805
usa-m-001330,-85.681234,32.415745
usa-m-001331,-75.116545,38.328539
usa-m-001332,-74.192481,40.920473
usa-m-001333,-73.983687,40.729347
usa-m-001334,-73.876739,40.827399
usa-m-001335,-74.270960,40.630110
usa-m-001336,-87.849257,42.119892
usa-m-001337,-76.059000,43.070220
usa-m-001338,-80.066115,42.116035
usa-m-001339,-73.948641,40.785507
usa-m-001340,-122.264014,37.802210
usa-m-001341,-73.912459,40.829620
usa-m-001342,-75.120201,40.149013
usa-m-001343,-73.985291,40.780432
usa-m-001344,-74.123255,40.629005
usa-m-001345,-82.889008,42.516070
usa-m-001346,-71.110828,42.418716
usa-m-001347,-78.891280,43.088390
usa-m-001348,-95.360687,29.763042
usa-m-001349,-78.824038,42.908775
usa-m-001350,-86.613800,30.412300
usa-m-001351,-93.120385,44.955577
usa-m-001352,-77.165476,39.057752
usa-m-001353,-95.500152,29.741937
usa-m-001354,-95.063560,29.490970
usa-m-001355,-77.096605,39.064103
usa-m-001356,-121.991941,37.520171
usa-m-001357,-117.862400,33.677200
usa-m-001358,-73.917685,40.836369
usa-m-001359,-119.746027,36.850939
usa-m-001360,-90.495874,38.602961
usa-m-001361,-92.345990,42.493400
usa-m-001362,-96.721385,40.838894
usa-m-001363,-115.152803,36.052678
usa-m-001364,-73.734457,40.737312
usa-m-001365,-74.173886,40.918470
usa-m-001366,-80.294009,26.191073
usa-m-001367,-87.985906,41.867642
usa-m-001368,-73.979439,40.685055
usa-m-001369,-77.242924,38.873279
usa-m-001370,-122.304699,47.662590
usa-m-001371,-83.261679,42.339876
usa-m-001372,-115.130585,36.089463
usa-m-001373,-83.298754,42.325917
usa-m-001374,-117.888733,33.851770
usa-m-001375,-80.105700,26.704590
usa-m-001376,-80.371051,25.892999
usa-m-001377,-80.184635,26.317958
usa-m-001378,-85.171164,41.108532
usa-m-001379,-77.572749,37.502104
usa-m-001380,-71.548280,42.228850
usa-m-001381,-73.993425,40.690893
usa-m-001382,-80.236601,26.037691
usa-m-001383,-87.718839,41.957598
usa-m-001384,-75.955651,42.110910
usa-m-001385,-106.421600,31.813400
usa-m-001386,-73.869463,40.679867
usa-m-001387,-73.823660,42.734100
usa-m-001388,-73.754849,40.602335
usa-m-001389,-78.481300,42.101850
usa-m-001390,-81.503061,41.180345
usa-m-001391,-75.604090,40.589726
usa-m-001392,-81.126293,37.336600
usa-m-001393,-82.111653,33.526044
usa-m-001394,-76.748124,39.303489
usa-m-001395,-74.588221,40.665343
usa-m-001396,-74.020704,40.633799
usa-m-001397,-111.911591,40.778816
usa-m-001398,-71.100127,42.370330
usa-m-001399,-71.093396,42.330929
usa-m-001400,-80.612640,28.057437
usa-m-001401,-96.786505,44.313711
usa-m-001402,-97.513805,25.955790
usa-m-001403,-70.315762,41.661116
usa-m-001404,-75.506851,39.158478
usa-m-001405,-81.278130,28.773310
usa-m-001406,-74.571322,40.387689
usa-m-001407,-92.491401,31.288185
usa-m-001408,-76.129060,43.032273
usa-m-001409,-77.824980,40.785210
usa-m-001410,-97.411013,31.085370
usa-m-001411,-78.494537,38.027177
usa-m-001412,-75.614880,39.975500
usa-m-001413,-82.811800,34.670650
usa-m-001414,-104.835962,38.863971
usa-m-001415,-85.915840,39.221450
usa-m-001416,-117.562370,33.851744
usa-m-001417,-75.696307,39.675854
usa-m-001418,-75.602420,38.407850
usa-m-001419,-97.144888,33.201675
usa-m-001420,-118.146950,33.948970
usa-m-001421,-122.054882,37.580698
usa-m-001422,-76.078766,38.771587
usa-m-001423,-97.475339,35.660781
usa-m-001424,-74.175030,40.731975
usa-m-001425,-96.825262,46.868410
usa-m-001426,-71.421430,42.284420
usa-m-001427,-77.235997,39.181230
usa-m-001428,-69.761558,44.323624
usa-m-001429,-85.146341,35.048681
usa-m-001430,-71.540170,43.211994
usa-m-001431,-71.064740,42.795320
usa-m-001432,-86.918845,40.425460
usa-m-001433,-84.142153,40.747431
usa-m-001434,-71.473767,42.758827
usa-m-001435,-97.581591,35.509865
usa-m-001436,-111.871369,40.753108
usa-m-001437,-75.434358,40.066694
usa-m-001438,-71.791632,42.268498
usa-m-001439,-80.627012,41.076661
usa-m-001440,-97.390520,28.667080
usa-m-001441,-94.536198,37.056400
usa-m-001442,-94.491150,38.943870
usa-m-001443,-97.876660,27.527760
usa-m-001444,-93.213100,30.180149
usa-m-001445,-81.864880,28.806880
usa-m-001446,-117.331400,33.668600
usa-m-001447,-82.517620,40.761476
usa-m-001448,-77.970665,39.445995
usa-m-001449,-86.202760,41.701500
usa-m-001450,-73.969241,40.759083
usa-m-001451,-87.930186,42.958865
usa-m-001452,-101.278573,48.231377
usa-m-001453,-88.179681,30.688382
usa-m-001454,-74.149655,40.370065
usa-m-001455,-121.853536,36.608051
usa-m-001456,-71.453535,42.967488
usa-m-001457,-82.280552,28.148316
usa-m-001458,-97.437167,35.203595
usa-m-001459,-81.429489,40.882224
usa-m-001460,-74.832061,40.855049
usa-m-001461,-82.780061,28.019968
usa-m-001462,-84.811230,40.387340
usa-m-001463,-76.654665,39.452048
usa-m-001464,-88.033035,42.097122
usa-m-001465,-117.958449,33.754977
usa-m-001466,-116.187490,33.693190
usa-m-001467,-82.730412,27.857820
usa-m-001468,-121.291733,38.748057
usa-m-001469,-75.693414,38.203328
usa-m-001470,-121.267254,38.596457
usa-m-001471,-73.949356,40.762428
usa-m-001472,-82.639490,27.746523
usa-m-001473,-82.504188,27.372290
usa-m-001474,-76.181109,40.691927
usa-m-001475,-87.771966,43.644572
usa-m-001476,-118.710278,34.293849
usa-m-001477,-75.610334,39.304334
usa-m-001478,-122.716417,38.443075
usa-m-001479,-84.221656,33.544077
usa-m-001480,-70.934908,41.609784
usa-m-001481,-70.934908,41.609784
usa-m-001482,-71.041952,42.070568
usa-m-001483,-98.257088,26.225687
usa-m-001484,-97.336685,27.694273
usa-m-001485,-122.661830,45.670558
usa-m-001486,-89.624925,39.761912
usa-m-001487,-97.069756,36.128990
usa-m-001488,-82.374157,28.011170
usa-m-001489,-76.954768,39.085862
usa-m-001490,-121.452754,37.732814
usa-m-001491,-95.911474,36.095853
usa-m-001492,-73.179522,44.443488
usa-m-001493,-122.332679,37.949642
usa-m-001494,-118.601361,34.199061
usa-m-001495,-77.683018,39.605317
usa-m-001496,-72.643151,42.115435
usa-m-001497,-122.459542,48.744100
usa-m-001498,-97.258378,37.746298
usa-m-001499,-95.059877,45.124631
usa-m-001500,-78.153450,39.182440
usa-m-001501,-88.045083,44.547007
usa-m-001502,-80.807367,28.604880
usa-m-001503,-73.933957,40.767847
usa-m-001504,-73.832955,40.695015
usa-m-001505,-97.232738,32.763098
usa-m-001506,-96.769712,32.926050
usa-m-001507,-87.881968,43.074343
usa-m-001508,-71.124111,42.352038
usa-m-001509,-106.581701,35.195926
usa-m-001510,-104.896006,39.594673
usa-m-001511,-98.430749,29.649027
usa-m-001512,-82.647170,28.062910
usa-m-001513,-78.743993,43.020507
usa-m-001514,-96.715398,33.039955
usa-m-001515,-82.358410,27.843710
usa-m-001516,-74.779307,40.227972
usa-m-001517,-76.984950,38.913646
usa-m-001518,-73.894080,40.746412
usa-m-001519,-81.700393,30.336431
usa-m-001520,-72.693923,41.548483
usa-m-001521,-117.355420,47.768030
usa-m-001522,-117.895630,33.846840
usa-m-001523,-81.459077,28.305920
usa-m-001524,-74.408032,40.899422
usa-m-001525,-76.592200,39.320071
usa-m-001526,-76.609920,39.345106
usa-m-001527,-80.409240,25.998820
usa-m-001528,-73.795874,40.712608
usa-m-001529,-117.975846,33.866693
usa-m-001530,-79.241090,42.113280
usa-m-001531,-73.860964,40.884833
usa-m-001532,-78.809522,42.913702
usa-m-001533,-74.191734,41.560440
usa-m-001534,-73.904032,40.755327
usa-m-001535,-74.200833,39.950009
usa-m-001536,-94.147379,30.104100
usa-m-001537,-74.410679,40.906360
usa-m-001538,-115.071595,36.130145
usa-m-001539,-73.994664,40.644559
usa-m-001540,-73.708721,40.707119
usa-m-001541,-73.969346,40.639145
usa-m-001542,-73.850469,40.689857
usa-m-001543,-74.315459,40.796355
usa-m-001544,-83.128915,42.571742
usa-m-001545,-87.278078,33.821189
usa-m-001546,-76.431458,36.808387
usa-m-001547,-74.061830,41.079400
usa-m-001548,-73.789717,40.644050
usa-m-001549,-85.773161,43.879995
usa-m-001550,-87.893425,44.423420
usa-m-001551,-94.638516,39.081298
usa-m-001552,-73.872095,40.916982
usa-m-001553,-78.935181,40.359313
usa-m-001554,-88.911976,30.408295
usa-m-001555,-97.283950,32.939470
usa-m-001556,-119.117385,46.193114
usa-m-001557,-71.426808,41.695483
usa-m-001558,-111.922687,40.716989
usa-m-001559,-105.585363,36.404736
usa-m-001560,-75.469209,40.135669
usa-m-001561,-77.522977,38.800371
usa-m-001562,-78.233869,38.952908
usa-m-001563,-74.067872,40.725928
usa-m-001564,-118.410184,34.011502
usa-m-001565,-122.189775,47.708100
usa-m-001566,-95.491255,30.043993
usa-m-001567,-116.933517,32.821228
usa-m-001568,-118.028366,33.917365
usa-m-001569,-78.843015,42.822883
usa-m-001570,-104.940219,39.754358
usa-m-001571,-85.027065,33.032285
usa-m-001572,-81.206505,28.332741
usa-m-001573,-96.990274,32.892740
usa-m-001574,-95.102776,29.507138
usa-m-001575,-76.431650,40.330380
usa-m-001576,-81.897729,28.815929
usa-m-001577,-70.218061,44.098229
usa-m-001578,-84.485790,37.978240
usa-m-001579,-71.250860,42.421460
usa-m-001580,176.201921,-38.130935
usa-m-001581,-122.267669,37.831622
usa-m-001582,-121.269033,38.119210
usa-m-001583,-111.818809,41.745478
usa-m-001584,-83.889357,33.849657
usa-m-001585,-118.180950,33.806479
usa-m-001586,-73.051610,40.910696
usa-m-001587,-73.557370,40.712624
usa-m-001588,-118.306996,34.068628
usa-m-001589,-77.524225,39.090768
usa-m-001590,-78.809940,42.890420
usa-m-001591,-78.807291,42.889548
usa-m-001592,-70.931600,42.472744
usa-m-001593,-73.656980,43.316111
usa-m-001594,-73.862111,40.855539
usa-m-001595,-95.261573,29.408290
usa-m-001596,-77.512861,38.926451
usa-m-001597,-73.895476,40.743056
usa-m-001598,-120.074635,36.991057
usa-m-001599,-121.257425,38.028830
usa-m-001600,-92.409336,34.743039
usa-m-001601,-77.183622,38.770830
usa-m-001602,-78.854773,42.910320
usa-m-001603,-111.941136,40.771200
usa-m-001604,-89.493879,43.050614
usa-m-001605,-73.862495,40.852184
usa-m-001606,-87.716176,41.969992
usa-m-001607,-96.909456,32.975005
usa-m-001608,-83.412170,42.293990
usa-m-001609,-77.268947,38.677294
usa-m-001610,-80.248382,26.166965
usa-m-001611,-86.753583,34.680060
usa-m-001612,-95.504914,29.707124
usa-m-001613,-90.097692,32.490129
usa-m-001614,-159.319900,22.091800
usa-m-001615,-106.566042,35.084560
usa-m-001616,-83.166026,42.636369
usa-m-001617,-101.938600,33.560800
usa-m-001618,-77.149878,38.781859
usa-m-001619,-76.664056,39.044870
usa-m-001620,-96.679419,32.931670
usa-m-001621,-75.154711,39.986277
usa-m-001622,-73.966120,40.631066
usa-m-001623,-87.714327,41.970378
usa-m-001624,-73.929790,40.685910
usa-m-001625,-71.078256,42.416184
usa-m-001626,-77.521991,38.799703
usa-m-001627,-77.452424,38.760922
usa-m-001628,-93.997250,44.168680
usa-m-001629,-97.074549,32.642423
usa-m-001630,-122.340511,47.614734
usa-m-001631,-122.163230,48.060970
usa-m-001632,-80.205560,26.444580
usa-m-001633,-74.280224,40.577967
usa-m-001634,-83.110370,42.409115
usa-m-001635,-73.785308,40.712254
usa-m-001636,-77.525600,38.368300
usa-m-001637,-95.683926,29.594485
usa-m-001638,-117.363876,47.709477
usa-m-001639,-74.021907,40.630668
usa-m-001640,-76.909062,39.320084
usa-m-001641,-93.232527,45.191350
usa-m-001642,-73.866546,40.847396
usa-m-001643,-82.960705,40.063434
usa-m-001644,-96.696224,32.963989
usa-m-001645,-95.704192,29.761114
usa-m-001646,-93.168190,44.977200
usa-m-001647,-117.149700,32.913500
usa-m-001648,-73.897536,40.773820
usa-m-001649,-121.461505,38.427010
usa-m-001650,-71.013710,42.182125
usa-m-001651,-93.131420,44.726640
usa-m-001652,-74.091943,40.592389
usa-m-001653,-83.410573,42.361902
usa-m-001654,-74.002757,40.602252
usa-m-001655,-122.455700,47.249100
usa-m-001656,-81.353861,41.157525
usa-m-001657,-73.789080,40.697350
usa-m-001658,-83.177140,42.372810
usa-m-001659,-76.979696,38.528275
usa-m-001660,-91.137040,30.487870
usa-m-001661,-95.090928,29.414315
usa-m-001662,-82.426634,28.048636
usa-m-001663,-84.323431,33.842277
usa-m-001664,-95.207682,29.632080
usa-m-001665,-104.877009,39.678923
usa-m-001666,-122.277210,37.846382
usa-m-001667,-122.048471,37.632079
usa-m-001668,-90.249178,38.574362
usa-m-001669,-90.225330,30.018475
usa-m-001670,-118.335503,34.023608
usa-m-001671,-97.090913,32.738127
usa-m-001672,-73.792132,40.681385
usa-m-001673,-76.648305,39.301766
usa-m-001674,-73.871046,40.841214
usa-m-001675,-74.185709,40.917399
usa-m-001676,-73.814244,40.668898
usa-m-001677,-78.406950,40.508610
usa-m-001678,-74.746014,41.799313
usa-m-001679,-121.545210,38.581090
usa-m-001680,-73.918960,40.619250
usa-m-001681,-73.894344,40.747728
usa-m-001682,-95.704542,29.831778
usa-m-001683,-95.495466,29.714339
usa-m-001684,-117.959489,33.805535
usa-m-001685,-119.804160,36.723580
usa-m-001686,-73.846782,40.839825
usa-m-001687,-76.536035,39.382116
usa-m-001688,-84.492500,33.923721
usa-m-001689,-77.878270,40.791780
usa-m-001690,-121.331008,38.618280
usa-m-001691,-73.991995,40.595193
usa-m-001692,-70.099093,41.282346
usa-m-001693,-73.482290,40.738880
usa-m-001694,-78.403041,40.481313
usa-m-001695,-75.025420,40.108790
usa-m-001696,-121.338818,37.962760
usa-m-001697,-87.596559,41.809958
usa-m-001698,-75.382730,39.835992
usa-m-001699,-75.173038,39.930955
usa-m-001700,-75.150160,40.011750
usa-m-001701,-121.447270,38.486490
usa-m-001702,-122.110675,37.692327
usa-m-001703,-83.065697,42.474782
usa-m-001704,-121.226140,38.713890
usa-m-001705,-94.981990,29.378400
usa-m-001706,-73.899093,40.850789
usa-m-001707,-74.184337,40.921532
usa-m-001708,-80.710103,28.413290
usa-m-001709,-122.358150,47.518970
usa-m-001710,-74.122958,41.322949
usa-m-001711,-77.536900,36.693485
usa-m-001712,-89.960170,38.780520
usa-m-001713,-74.214756,40.662483
usa-m-001714,-74.212910,40.729780
usa-m-001715,-83.119721,42.368292
usa-m-001716,-81.276124,28.736155
usa-m-001717,-73.860633,40.888061
usa-m-001718,-95.985196,41.281219
usa-m-001719,-95.985196,41.281219
usa-m-001720,-122.078663,37.596164
usa-m-001721,-117.059469,32.753720
usa-m-001722,-81.310782,28.253581
usa-m-001723,-70.264780,43.658110
usa-m-001724,-73.934885,40.587987
usa-m-001725,-88.118614,41.997790
usa-m-001726,-87.969054,42.952509
usa-m-001727,-78.999486,43.083707
usa-m-001728,-73.964029,40.683069
usa-m-001729,-83.694310,43.046460
usa-m-001730,-71.550499,42.211856
usa-m-001731,-73.927824,40.767832
usa-m-001732,-98.412090,29.525263
usa-m-001733,-73.991040,40.671050
usa-m-001734,-73.898750,40.846949
usa-m-001735,-74.903511,40.087422
usa-m-001736,-122.264980,37.841604
usa-m-001737,-76.771777,39.324442
usa-m-001738,-84.264135,39.809415
usa-m-001739,-91.170367,30.444032
usa-m-001740,-74.215070,40.582568
usa-m-001741,-76.936432,38.886361
usa-m-001742,-122.164643,37.762519
usa-m-001743,-96.779020,32.767295
usa-m-001744,-87.761201,41.747351
usa-m-001745,-117.231667,33.211761
usa-m-001746,-73.842039,40.688773
usa-m-001747,-84.877830,32.487580
usa-m-001748,-88.118148,41.688307
usa-m-001749,-76.739770,39.316132
usa-m-001750,-94.557010,39.000910
usa-m-001751,-82.277340,28.015060
usa-m-001752,-73.804241,40.690495
usa-m-001753,-82.171510,41.458450
usa-m-001754,-73.932037,40.642151
usa-m-001755,-118.311945,34.042522
usa-m-001756,-75.144544,40.041009
usa-m-001757,-73.921092,41.701492
usa-m-001758,-121.955430,37.350450
usa-m-001759,-118.006441,33.751331
usa-m-001760,-122.356411,37.924622
usa-m-001761,-90.185687,44.689188
usa-m-001762,-88.119302,43.066228
usa-m-001763,-83.112752,42.409247
usa-m-001764,-74.047535,41.113493
usa-m-001765,-74.028408,40.630505
usa-m-001766,-80.970879,34.059935
usa-m-001767,-96.791988,32.734379
usa-m-001768,-122.268179,38.033867
usa-m-001769,-91.836740,45.399520
usa-m-001770,-104.793740,39.672359
usa-m-001771,-119.791655,36.721261
usa-m-001772,-87.742050,41.968876
usa-m-001773,-81.689056,41.470631
usa-m-001774,-82.712963,28.152406
usa-m-001775,-118.761152,34.261164
usa-m-001776,-73.909542,40.828684
usa-m-001777,-83.174948,42.316418
usa-m-001778,-78.813141,42.922924
usa-m-001779,-75.042885,40.077388
usa-m-001780,-81.482587,28.332272
usa-m-001781,-95.163393,29.530192
usa-m-001782,-83.065790,42.397763
usa-m-001783,-117.092516,32.721601
usa-m-001784,-74.613203,39.425396
usa-m-001785,-73.879339,40.746838
usa-m-001786,-73.908208,40.835189
usa-m-001787,-75.115918,39.994873
usa-m-001788,-73.923320,41.291110
usa-m-001789,-122.776861,42.240752
usa-m-001790,-122.420587,37.787430
usa-m-001791,-121.371222,38.430007
usa-m-001792,-121.120230,37.459290
usa-m-001793,-74.147336,40.609671
usa-m-001794,-74.212728,40.809530
usa-m-001795,-88.277680,42.042560
usa-m-001796,-118.222316,33.963054
usa-m-001797,-84.448973,33.654257
usa-m-001798,-81.386836,28.542231
usa-m-001799,-85.049283,30.452090
usa-m-001800,-80.209980,25.985365
usa-m-001801,-83.939241,34.094032
usa-m-001802,-77.259955,38.682866
usa-m-001803,-84.469067,33.775810
usa-m-001804,-81.295464,28.498667
usa-m-001805,-80.659226,26.681358
usa-m-001806,-79.956882,32.837562
usa-m-001807,-81.803193,24.553983
usa-m-001808,-90.080120,35.027630
usa-m-001809,-89.995336,35.062395
usa-m-001810,-89.995336,35.062395
usa-m-001811,-89.944567,35.117542
usa-m-001812,-84.214560,30.565830
usa-m-001813,-84.953552,32.460594
usa-m-001814,-84.018196,34.093016
usa-m-001815,-81.446029,28.542367
usa-m-001816,-104.822097,39.680255
usa-m-001817,-80.920805,34.097499
usa-m-001818,-80.176757,26.134667
usa-m-001819,-77.401230,38.447830
usa-m-001820,-73.368250,40.756170
usa-m-001821,-76.530858,39.168575
usa-m-001822,-81.488315,28.345996
usa-m-001823,-92.394245,42.498651
usa-m-001824,-117.241100,33.915100
usa-m-001825,-76.397410,39.485438
usa-m-001826,-95.563268,29.678220
usa-m-001827,-94.404870,35.303110
usa-m-001828,-73.893635,40.672411
usa-m-001829,-73.208980,41.174184
usa-m-001830,-84.132826,33.745910
usa-m-001831,-71.085882,42.323247
usa-m-001832,-83.825707,39.914716
usa-m-001833,-80.430360,25.658786
usa-m-001834,-94.556340,39.073320
usa-m-001835,-94.386600,35.365300
usa-m-001836,-90.089581,30.398117
usa-m-001837,-97.300080,37.715825
usa-m-001838,-121.439351,38.499691
usa-m-001839,-76.249517,36.907265
usa-m-001840,-73.862818,40.887936
usa-m-001841,-95.794277,29.755208
usa-m-001842,-73.945681,40.799633
usa-m-001843,-73.794542,40.729027
usa-m-001844,-104.691260,40.420589
usa-m-001845,-73.895769,40.855480
usa-m-001846,-73.749235,40.714050
usa-m-001847,-73.987922,40.745882
usa-m-001848,-75.246764,39.906048
usa-m-001849,-71.091450,42.290610
usa-m-001850,-78.693377,42.904183
usa-m-001851,-75.533442,39.755331
usa-m-001852,-90.795386,35.008335
usa-m-001853,-80.892512,34.074273
usa-m-001854,-89.799658,35.036631
usa-m-001855,-74.195353,40.765182
usa-m-001856,-121.448070,38.538330
usa-m-001857,-121.253860,37.934580
usa-m-001858,-76.639279,39.309998
usa-m-001859,-86.268555,39.754210
usa-m-001860,-118.324476,33.974348
usa-m-001861,-73.999139,40.599522
usa-m-001862,-73.914833,42.787180
usa-m-001863,-75.163488,40.028843
usa-m-001864,-77.582943,43.162846
usa-m-001865,-85.666331,42.923876
usa-m-001866,-81.045220,34.051010
usa-m-001867,-84.010010,33.658330
usa-m-001868,-80.209220,25.922420
usa-m-001869,-76.294589,36.878458
usa-m-001870,-85.718251,32.432503
usa-m-001871,-84.538000,39.141330
usa-m-001872,-84.202883,33.779276
usa-m-001873,-87.933511,42.984063
usa-m-001874,-78.783620,42.937830
usa-m-001875,-118.296532,34.048921
usa-m-001876,-90.003915,35.053265
usa-m-001877,-84.278037,33.919033
usa-m-001878,-73.993749,40.754227
usa-m-001879,-95.520334,29.525521
usa-m-001880,-73.729977,41.373520
usa-m-001881,-84.433490,33.607800
usa-m-001882,-73.982019,40.610891
usa-m-001883,-73.844997,40.694773
usa-m-001884,-88.061033,30.677474
usa-m-001885,-74.519900,39.389620
usa-m-001886,-74.234896,40.739270
usa-m-001887,-98.639158,29.460409
usa-m-001888,-78.855451,42.870883
usa-m-001889,-85.663340,42.939670
usa-m-001890,-85.783217,38.236309
usa-m-001891,-104.870828,39.741835
usa-m-001892,-95.448625,29.957329
usa-m-001893,-74.217342,40.013805
usa-m-001894,-83.530110,42.316580
usa-m-001895,-84.475280,38.073810
usa-m-001896,-98.405184,29.422892
usa-m-001897,-118.255904,34.010696
usa-m-001898,-81.636769,41.504301
usa-m-001899,-76.151427,43.066427
usa-m-001900,-73.790669,40.677220
usa-m-001901,-104.862203,39.663604
usa-m-001902,-78.647940,42.982605
usa-m-001903,-73.945966,40.650821
usa-m-001904,-73.893402,40.775605
usa-m-001905,-75.906690,42.096640
usa-m-001906,-73.861730,40.675420
usa-m-001907,-73.894184,40.750528
usa-m-001908,-73.912877,40.839457
usa-m-001909,-95.722280,29.816739
usa-m-001910,-73.877247,40.827547
usa-m-001911,-87.692808,41.988755
usa-m-001912,-73.256350,40.753087
usa-m-001913,-121.896400,37.426440
usa-m-001914,-88.037747,41.956134
usa-m-001915,-73.601638,40.692913
usa-m-001916,-116.934273,32.796949
usa-m-001917,-99.709332,32.449217
usa-m-001918,-74.514242,40.530945
usa-m-001919,-73.961840,40.641979
usa-m-001920,-76.950451,38.822850
usa-m-001921,-76.610299,39.236582
usa-m-001922,-73.883919,40.881810
usa-m-001923,-94.967716,33.140675
usa-m-001924,-80.231025,26.047120
usa-m-001925,-73.888387,40.765685
usa-m-001926,-78.829300,42.900940
usa-m-001927,-87.667510,41.994190
usa-m-001928,-95.204174,29.594012
usa-m-001929,-87.730020,42.030090
usa-m-001930,-75.029306,40.041174
usa-m-001931,-73.925991,40.811513
usa-m-001932,-73.769722,40.713337
usa-m-001933,-73.930547,40.756762
usa-m-001934,-111.858662,33.321676
usa-m-001935,-73.118310,41.205340
usa-m-001936,-118.343629,33.895377
usa-m-001937,-73.521750,40.768834
usa-m-001938,-83.783279,42.228888
usa-m-001939,-97.034689,32.738274
usa-m-001940,-76.755170,39.285875
usa-m-001941,-122.770590,47.038870
usa-m-001942,-119.751715,36.808285
usa-m-001943,-95.190242,29.998659
usa-m-001944,-95.600230,29.771222
usa-m-001945,-121.945312,37.483037
usa-m-001946,-82.795822,27.921950
usa-m-001947,-121.337300,38.013800
usa-m-001948,-73.716245,40.685796
usa-m-001949,-119.637202,36.323357
usa-m-001950,-76.993788,38.737577
usa-m-001951,-84.455163,33.615703
usa-m-001952,-75.183300,39.930220
usa-m-001953,-76.869023,38.932122
usa-m-001954,-83.983112,33.838957
usa-m-001955,-73.972893,40.597358
usa-m-001956,-80.209190,25.836620
usa-m-001957,-97.892066,30.248175
usa-m-001958,-122.836700,45.554600
usa-m-001959,-88.080879,41.924117
usa-m-001960,-77.290297,37.280018
usa-m-001961,-115.225053,36.227527
usa-m-001962,-81.060393,32.467553
usa-m-001963,-104.967014,39.898271
usa-m-001964,-73.972602,40.638265
usa-m-001965,-80.967757,41.075144
usa-m-001966,-122.209086,37.769963
usa-m-001967,-76.140695,43.062682
usa-m-001968,-80.232936,26.269154
usa-m-001969,-122.283689,47.548455
usa-m-001970,-112.075240,33.371020
usa-m-001971,-81.097427,32.058946
usa-m-001972,-76.949847,38.795296
usa-m-001973,-95.497189,29.720522
usa-m-001974,-80.876591,40.217379
usa-m-001975,-87.913200,42.327970
usa-m-001976,-122.122190,47.617825
usa-m-001977,-78.951050,43.085240
usa-m-001978,-83.166026,42.636369
usa-m-001979,-73.950225,40.802067
usa-m-001980,-74.005048,40.708135
usa-m-001981,-84.166763,34.002053
usa-m-001982,-117.524177,33.875246
usa-m-001983,-121.446319,38.631497
usa-m-001984,-73.787593,40.710830
usa-m-001985,-82.662369,34.492974
usa-m-001986,-122.058753,37.628150
usa-m-001987,-80.002377,33.182844
usa-m-001988,-74.457766,39.354313
usa-m-001989,-92.093381,32.512080
usa-m-001990,-73.914027,40.835543
usa-m-001991,-90.167643,32.395408
usa-m-001992,-81.657731,30.362910
usa-m-001993,-80.412504,25.532538
usa-m-001994,-77.633111,43.164524
usa-m-001995,-75.174860,40.004705
usa-m-001996,-73.854675,40.885601
usa-m-001997,-76.647430,39.249410
usa-m-001998,-84.061812,33.927184
usa-m-001999,-115.223610,36.080360
usa-m-002000,-95.013853,29.347957
usa-m-002001,-73.366459,40.839391
usa-m-002002,-122.006040,37.951030
usa-m-002003,-74.000784,40.600685
usa-m-002004,-73.848170,40.870395
usa-m-002005,-84.015770,33.941144
usa-m-002006,-73.862597,40.735197
usa-m-002007,-80.288673,26.045227
usa-m-002008,-73.867592,40.757272
usa-m-002009,-73.899711,40.754255
usa-m-002010,-97.312213,32.726429
usa-m-002011,-118.108494,34.580215
usa-m-002012,-83.519573,35.710636
usa-m-002013,-84.267644,37.731129
usa-m-002014,-80.828977,27.255120
usa-m-002015,-75.272289,39.962107
usa-m-002016,-94.553065,39.037519
usa-m-002017,-75.079525,40.010016
usa-m-002018,-73.800480,40.707442
usa-m-002019,-84.170158,33.899086
usa-m-002020,-118.292474,34.018583
usa-m-002021,-118.880638,34.286690
usa-m-002022,-90.035884,35.044094
usa-m-002023,-82.877707,39.921443
usa-m-002024,-119.014378,36.070729
usa-m-002025,-88.571939,44.021879
usa-m-002026,-86.334011,32.342981
usa-m-002027,-73.824220,40.706280
usa-m-002028,-76.521359,39.256810
usa-m-002029,-88.058348,42.382048
usa-m-002030,-74.225288,40.570611
usa-m-002031,-81.345180,28.524970
usa-m-002032,-117.983800,34.140400
usa-m-002033,-74.179990,40.728310
usa-m-002034,-81.285388,28.558142
usa-m-002035,-84.219906,33.800481
usa-m-002036,-94.949540,42.267830
usa-m-002037,-91.229803,30.285497
usa-m-002038,-96.711478,32.904767
usa-m-002039,-83.668671,41.717254
usa-m-002040,-86.322147,39.815097
usa-m-002041,-91.177195,30.430964
usa-m-002042,-117.750223,34.052111
usa-m-002043,-74.303780,40.457630
usa-m-002044,-93.815768,41.600931
usa-m-002045,-75.206776,39.974296
usa-m-002046,-95.500540,29.721640
usa-m-002047,-96.693665,33.052636
usa-m-002048,-72.671780,41.788810
usa-m-002049,-88.282952,42.065099
usa-m-002050,-84.217228,33.848428
usa-m-002051,-73.075450,41.337720
usa-m-002052,-74.732650,40.013730
usa-m-002053,-73.894979,40.833990
usa-m-002054,-84.443720,33.677490
usa-m-002055,-84.625200,34.019160
usa-m-002056,-73.831694,40.688534
usa-m-002057,-73.814440,40.758520
usa-m-002058,-73.910069,40.837090
usa-m-002059,-85.365955,40.440958
usa-m-002060,-73.892180,40.828642
usa-m-002061,-117.138465,32.706094
usa-m-002062,-73.849060,40.837640
usa-m-002063,-75.076239,40.020784
usa-m-002064,-77.602250,43.163490
usa-m-002065,-83.222809,42.343565
usa-m-002066,-103.626400,48.145570
usa-m-002067,-81.468479,28.313904
usa-m-002068,-75.467380,40.607290
usa-m-002069,-73.938531,40.692679
usa-m-002070,-81.546112,28.567948
usa-m-002071,-73.905580,40.764820
usa-m-002072,-112.088843,33.436473
usa-m-002073,-75.036517,40.120454
usa-m-002074,-122.328933,37.571148
usa-m-002075,-76.633057,39.304989
usa-m-002076,-88.240474,42.018814
usa-m-002077,-74.007460,41.931470
usa-m-002078,-76.743824,39.319093
usa-m-002079,-83.246566,42.175244
usa-m-002080,-72.676248,41.782193
usa-m-002081,-104.796600,39.740300
usa-m-002082,-92.100902,30.462040
usa-m-002083,-73.969807,40.641915
usa-m-002084,-80.230790,25.940630
usa-m-002085,-74.087592,40.611326
usa-m-002086,-74.005994,40.712749
usa-m-002087,-73.968060,41.504210
usa-m-002088,-117.044741,32.741343
usa-m-002089,-88.037372,41.858781
usa-m-002090,-104.874441,39.736599
usa-m-002091,-84.310368,33.924646
usa-m-002092,-119.310200,36.318590
usa-m-002093,-83.114546,42.381718
usa-m-002094,-121.265711,38.123791
usa-m-002095,-89.994525,29.959714
usa-m-002096,-96.650819,32.983081
usa-m-002097,-77.527140,37.646830
usa-m-002098,-78.833227,42.899092
usa-m-002099,-121.972192,37.509326
usa-m-002100,-71.422720,41.790221
usa-m-002101,-83.730391,43.026182
usa-m-002102,-94.513051,39.099413
usa-m-002103,-73.744951,40.724914
usa-m-002104,-74.024786,40.221639
usa-m-002105,-75.158403,40.067471
usa-m-002106,-83.043320,42.406475
usa-m-002107,-75.103736,39.930716
usa-m-002108,-78.789231,42.920671
usa-m-002109,-73.884550,40.871144
usa-m-002110,-80.405470,34.778690
usa-m-002111,-121.390770,38.489370
usa-m-002112,-74.017101,40.645765
usa-m-002113,-74.117115,40.633074
usa-m-002114,-83.181586,42.416835
usa-m-002115,-98.589207,29.571167
usa-m-002116,-96.663078,33.169001
usa-m-002117,-77.248830,38.935560
usa-m-002118,-77.176276,38.937969
usa-m-002119,-85.447949,31.296247
usa-m-002120,-83.438975,42.295083
usa-m-002121,-95.396969,29.677938
usa-m-002122,-74.503269,39.413927
usa-m-002123,-73.978900,40.897890
usa-m-002124,-83.171437,42.281782
usa-m-002125,-89.719501,35.145372
usa-m-002126,-95.500610,29.717443
usa-m-002127,-96.617753,32.796055
usa-m-002128,-77.097835,38.884925
usa-m-002129,-72.972258,41.240298
usa-m-002130,-80.159843,25.849287
usa-m-002131,-80.283790,25.825950
usa-m-002132,-80.314762,25.773475
usa-m-002133,-73.870510,41.605865
usa-m-002134,-73.858471,41.165116
usa-m-002135,-74.405120,41.418570
usa-m-002136,-90.015191,35.158567
usa-m-002137,-96.131198,41.205904
usa-m-002138,-121.885545,37.433545
usa-m-002139,-87.950056,43.110322
usa-m-002140,-73.918689,40.746461
usa-m-002141,-106.604619,35.123131
usa-m-002142,-72.465051,41.870680
usa-m-002143,-74.041107,40.866420
usa-m-002144,-122.437302,37.721996
usa-m-002145,-113.994600,46.872300
usa-m-002146,-71.093415,42.358256
usa-m-002147,-88.074373,30.661341
usa-m-002148,-81.747810,41.480490
usa-m-002149,-74.172188,40.908772
usa-m-002150,-81.489099,30.101773
usa-m-002151,-96.862330,32.998529
usa-m-002152,-74.433540,40.346701
usa-m-002153,-89.061160,42.254290
usa-m-002154,-77.124471,38.851579
usa-m-002155,-93.363431,38.899835
usa-m-002156,-82.499736,28.033413
usa-m-002157,-74.126185,40.900406
usa-m-002158,-71.062304,42.355827
usa-m-002159,-71.083247,42.332763
usa-m-002160,-87.802987,41.722908
usa-m-002161,-88.569000,47.121600
usa-m-002162,-74.194328,40.739217
usa-m-002163,-119.734869,39.176657
usa-m-002164,-99.325440,38.873830
usa-m-002165,-120.662322,35.286531
usa-m-002166,-96.401190,42.503776
usa-m-002167,-76.722696,37.290855
usa-m-002168,-94.960403,33.195497
usa-m-002169,-72.999804,40.928119
usa-m-002170,-122.318450,48.434268
usa-m-002171,-122.096850,37.416360
usa-m-002172,-89.537877,34.366397
usa-m-002173,-96.811320,33.138960
usa-m-002174,-84.187900,33.807720
usa-m-002175,-77.436341,38.880391
usa-m-002176,-75.109335,39.935852
usa-m-002177,-73.944942,40.814248
usa-m-002178,-72.685962,41.759049
usa-m-002179,-74.081329,40.709213
usa-m-002180,-75.162198,40.037473
usa-m-002181,-73.718050,40.693020
usa-m-002182,-83.733980,43.061710
usa-m-002183,-73.894495,40.749662
usa-m-002184,-73.766694,40.718758
usa-m-002185,-73.855684,40.675926
usa-m-002186,-74.990785,39.789475
usa-m-002187,-73.890899,40.849386
usa-m-002188,-75.161737,39.628690
usa-m-002189,-73.946856,40.818205
usa-m-002190,-95.415381,29.010373
usa-m-002191,-74.255824,40.885426
usa-m-002192,-97.309660,32.581490
usa-m-002193,-73.870825,40.675749
usa-m-002194,-74.946117,39.816593
usa-m-002195,-76.201371,43.012575
usa-m-002196,-94.494796,38.950615
usa-m-002197,-77.157740,38.805150
usa-m-002198,-81.497279,41.574863
usa-m-002199,-79.986043,40.658665
usa-m-002200,-157.821380,21.308590
usa-m-002201,-82.420393,38.416378
usa-m-002202,-75.506530,40.637190
usa-m-002203,-122.106596,47.665736
usa-m-002204,-102.099100,31.987700
usa-m-002205,-89.026190,42.524930
usa-m-002206,-92.447795,35.078831
usa-m-002207,-74.569565,40.282549
usa-m-002208,-74.468156,40.529639
usa-m-002209,-86.308079,32.325098
usa-m-002210,-74.292343,40.337371
usa-m-002211,-73.820522,40.750875
usa-m-002212,-79.039932,43.106459
usa-m-002213,-98.707773,29.545400
usa-m-002214,-74.646423,40.507556
usa-m-002215,-74.218916,40.552216
usa-m-002216,-121.959620,37.377381
usa-m-002217,-83.714700,42.301753
usa-m-002218,-77.003724,39.105453
usa-m-002219,-93.247800,44.844600
usa-m-002220,-82.002950,33.465450
usa-m-002221,-121.904500,37.699600
usa-m-002222,-86.146117,39.695295
usa-m-002223,-81.585235,28.333153
usa-m-002224,-87.728981,41.960186
usa-m-002225,-89.000590,42.235860
usa-m-002226,-81.503310,28.671700
usa-m-002227,-77.724835,37.392772
usa-m-002228,-79.789691,40.436710
usa-m-002229,-102.395300,43.172047
usa-m-002230,-74.059020,40.962900
usa-m-002231,-122.668990,45.562220
usa-m-002232,-71.409671,41.794870
usa-m-002233,-96.750024,43.507131
usa-m-002234,-73.878964,42.762224
usa-m-002235,-110.997802,32.299608
usa-m-002236,-111.837849,40.624322
usa-m-002237,-98.560450,33.858650
usa-m-002238,-83.400820,42.499246
usa-m-002239,-112.013215,33.468185
usa-m-002240,-149.900444,61.199116
usa-m-002241,-73.819767,42.627120
usa-m-002242,-121.170800,38.666600
usa-m-002243,-83.928967,35.963792
usa-m-002244,-83.069010,42.578100
usa-m-002245,-74.315183,40.529867
usa-m-002246,-80.119400,26.644980
usa-m-002247,-93.674090,41.599230
usa-m-002248,-87.771073,42.037646
usa-m-002249,-122.795220,45.444970
usa-m-002250,-76.801640,39.211880
usa-m-002251,-74.060098,40.722755
usa-m-002252,-80.324900,27.388500
usa-m-002253,-89.105842,42.286082
usa-m-002254,-75.966661,42.089596
usa-m-002255,-74.087367,40.611027
usa-m-002256,-74.200199,40.535351
usa-m-002257,-122.359738,37.936246
usa-m-002258,-121.515340,38.587833
usa-m-002259,-74.162838,40.909560
usa-m-002260,-89.906600,35.160220
usa-m-002261,-75.817500,44.043509
usa-m-002262,-90.124227,29.939526
usa-m-002263,-77.183296,38.812461
usa-m-002264,-119.766236,36.823292
usa-m-002265,-74.975572,40.082997
usa-m-002266,-71.106489,42.521981
usa-m-002267,-77.521082,38.738888
usa-m-002268,-82.405090,27.968220
usa-m-002269,-82.876240,39.914811
usa-m-002270,-73.937787,40.793207
usa-m-002271,-96.623069,40.859638
usa-m-002272,-71.510070,42.151680
usa-m-002273,-98.129620,29.672370
usa-m-002274,-74.477406,40.461651
usa-m-002275,-72.988444,41.273668
usa-m-002276,-73.885025,40.665975
usa-m-002277,-118.412057,34.028347
usa-m-002278,-73.998372,40.729800
usa-m-002279,-87.642843,41.905841
usa-m-002280,-74.189424,40.758722
usa-m-002281,-73.989960,40.902320
usa-m-002282,-74.193796,40.737753
usa-m-002283,-87.653492,41.952955
usa-m-002284,-75.132180,39.983579
usa-m-002285,-74.204050,40.733210
usa-m-002286,-73.963409,40.679415
usa-m-002287,-74.162040,40.638380
usa-m-002288,-82.361591,28.189709
usa-m-002289,-83.149380,40.065460
usa-m-002290,-73.366459,40.839391
usa-m-002291,-94.519196,39.114007
usa-m-002292,-83.729518,43.024141
usa-m-002293,-81.029480,34.056433
usa-m-002294,-96.665360,33.013400
usa-m-002295,-75.340954,40.121099
usa-m-002296,-97.683985,30.390185
usa-m-002297,-73.880173,40.875056
usa-m-002298,-74.023372,40.781223
usa-m-002299,-75.283518,40.247648
usa-m-002300,-73.647044,40.766305
usa-m-002301,-104.939090,39.764690
usa-m-002302,-119.769598,39.545103
usa-m-002303,-70.930477,42.662816
usa-m-002304,-98.451870,29.636868
usa-m-002305,-87.295028,41.439611
usa-m-002306,-90.394230,38.697030
usa-m-002307,-93.473087,45.018327
usa-m-002308,-96.617572,32.877061
usa-m-002309,-97.744404,30.283075
usa-m-002310,-73.982395,40.641739
usa-m-002311,-73.916930,40.832480
usa-m-002312,-85.990760,39.779420
usa-m-002313,-121.332088,38.031989
usa-m-002314,-73.907365,40.828080
usa-m-002315,-93.265813,44.960245
usa-m-002316,-96.784237,32.712741
usa-m-002317,-82.186041,29.210022
usa-m-002318,-122.276674,47.523515
usa-m-002319,-121.546410,39.098650
usa-m-002320,-76.471324,39.388547
usa-m-002321,-82.473166,27.947052
usa-m-002322,-122.239055,47.490996
usa-m-002323,-70.275640,43.689410
usa-m-002324,-86.182756,32.334403
usa-m-002325,-122.539490,45.519290
usa-m-002326,-115.152803,36.052678
usa-m-002327,-111.910702,33.365233
usa-m-002328,-83.028735,40.024375
usa-m-002329,-72.649613,41.557050
usa-m-002330,-73.896858,40.863389
usa-m-002331,-74.152770,40.890943
usa-m-002332,-83.764922,43.031080
usa-m-002333,-90.045393,29.873772
usa-m-002334,-122.681518,45.563795
usa-m-002335,-87.872572,41.589273
usa-m-002336,-88.539628,44.020912
usa-m-002337,-83.405837,34.893263
usa-m-002338,-72.815132,40.805107
usa-m-002339,-91.247868,43.829345
usa-m-002340,-81.205912,28.652980
usa-m-002341,-89.533282,34.381149
usa-m-002342,-73.837305,40.681075
usa-m-002343,-73.849305,40.683499
usa-m-002344,-82.033630,28.944465
usa-m-002345,-87.816558,41.666870
usa-m-002346,-73.862217,40.835333
usa-m-002347,-73.860926,40.830775
usa-m-002348,-74.421398,40.618507
usa-m-002349,-95.321920,29.582360
usa-m-002350,-76.430970,37.043774
usa-m-002351,-77.412199,37.217709
usa-m-002352,-77.366930,37.239720
usa-m-002353,-75.216114,39.970431
usa-m-002354,-74.713800,41.360309
usa-m-002355,-112.431487,42.855564
usa-m-002356,-83.011140,40.159470
usa-m-002357,-73.692747,40.842746
usa-m-002358,-70.773630,43.062890
usa-m-002359,-70.773630,43.062890
usa-m-002360,-74.965900,44.670300
usa-m-002361,-73.946653,40.711956
usa-m-002362,-90.545638,30.056449
usa-m-002363,-82.439885,28.055702
usa-m-002364,-88.082890,30.726590
usa-m-002365,-76.856295,38.967535
usa-m-002366,-77.465798,38.759854
usa-m-002367,-119.828400,36.828700
usa-m-002368,-122.164980,37.873160
usa-m-002369,-117.165585,46.737028
usa-m-002370,-122.281656,47.148865
usa-m-002371,-96.847553,33.022751
usa-m-002372,-97.852857,30.578677
usa-m-002373,-95.180564,29.593286
usa-m-002374,-122.276324,37.774380
usa-m-002375,-73.964186,40.633754
usa-m-002376,-105.478260,44.276299
usa-m-002377,-90.214641,38.610414
usa-m-002378,-97.599490,41.114930
usa-m-002379,-117.656420,33.673345
usa-m-002380,-98.601754,29.485335
usa-m-002381,-96.728751,32.947628
usa-m-002382,-76.778870,39.345810
usa-m-002383,-103.232000,44.080500
usa-m-002384,-83.499422,42.393452
usa-m-002385,-92.820791,40.875974
usa-m-002386,-75.424633,40.646279
usa-m-002387,-77.352258,38.962112
usa-m-002388,-70.991844,42.418985
usa-m-002389,-73.825330,40.701194
usa-m-002390,-75.184185,39.989500
usa-m-002391,-117.684786,35.622199
usa-m-002392,-97.986975,26.169770
usa-m-002393,-85.679314,38.291263
usa-m-002394,-73.783995,40.592745
usa-m-002395,-105.080149,39.695473
usa-m-002396,-84.340213,34.030465
usa-m-002397,-96.704480,40.840850
usa-m-002398,-96.599181,32.977362
usa-m-002399,-87.726361,41.997752
usa-m-002400,-89.965130,38.565360
usa-m-002401,-90.323310,38.535990
usa-m-002402,-117.566030,33.876901
usa-m-002403,-71.011190,42.200060
usa-m-002404,-70.207930,44.092320
usa-m-002405,-86.728764,36.087063
usa-m-002406,-121.351050,38.647370
usa-m-002407,-73.899647,40.818628
usa-m-002408,-122.195758,47.528418
usa-m-002409,-122.989082,44.966009
usa-m-002410,-123.275541,44.573908
usa-m-002411,-93.527123,44.797126
usa-m-002412,-122.045851,47.591200
usa-m-002413,-97.944129,29.886223
usa-m-002414,-91.060080,30.432590
usa-m-002415,-73.057040,40.861360
usa-m-002416,-74.847950,40.061720
usa-m-002417,-71.191358,42.720350
usa-m-002418,-119.617775,36.575809
usa-m-002419,-95.408943,29.575803
usa-m-002420,-93.636490,41.600660
usa-m-002421,-85.354089,39.928542
usa-m-002422,-73.860208,40.834543
usa-m-002423,-94.692697,39.040651
usa-m-002424,-73.940845,40.586970
usa-m-002425,-81.621185,41.502234
usa-m-002426,-73.670310,40.766800
usa-m-002427,-121.957856,37.421179
usa-m-002428,-75.564190,40.609100
usa-m-002429,-73.925790,40.612370
usa-m-002430,-121.780600,37.283900
usa-m-002431,-75.059390,40.057790
usa-m-002432,-89.774090,30.313745
usa-m-002433,-121.868796,47.527912
usa-m-002434,-100.876300,37.971600
usa-m-002435,-73.865848,40.819043
usa-m-002436,-121.837515,37.281505
usa-m-002437,-121.905296,37.402931
usa-m-002438,-74.027631,40.636127
usa-m-002439,-84.291169,34.090635
usa-m-002440,-76.599483,38.560023
usa-m-002441,-106.762509,32.295690
usa-m-002442,-85.769398,38.166068
usa-m-002443,-73.763729,40.676115
usa-m-002444,-82.685174,27.751696
usa-m-002445,-73.559320,41.040833
usa-m-002446,-122.170492,37.425203
usa-m-002447,-75.190850,40.994390
usa-m-002448,-75.190850,40.994390
usa-m-002449,-101.870400,33.584700
usa-m-002450,-77.597926,43.142231
usa-m-002451,-73.112947,40.818199
usa-m-002452,-73.343151,40.804908
usa-m-002453,-73.856099,40.863225
usa-m-002454,-74.043423,40.718443
usa-m-002455,-73.925840,40.741750
usa-m-002456,-73.919720,40.739155
usa-m-002457,-84.047325,34.027052
usa-m-002458,-76.170390,43.051158
usa-m-002459,-121.990927,37.409660
usa-m-002460,-75.084082,40.016102
usa-m-002461,-86.726259,36.125174
usa-m-002462,-74.186894,40.909390
usa-m-002463,-74.835160,40.163240
usa-m-002464,-77.516966,38.804526
usa-m-002465,-78.839468,42.940443
usa-m-002466,-121.333700,38.407600
usa-m-002467,-121.473065,38.636475
usa-m-002468,-121.313711,38.801467
usa-m-002469,-81.684164,28.825882
usa-m-002470,-82.970250,40.003590
usa-m-002471,-79.040095,43.101492
usa-m-002472,-93.242158,44.958684
usa-m-002473,-83.340727,42.469892
usa-m-002474,-83.475819,42.465952
usa-m-002475,-83.259338,42.472090
usa-m-002476,-74.414423,40.521068
usa-m-002477,-118.014600,33.846900
usa-m-002478,-84.199167,33.800801
usa-m-002479,-115.226886,36.118365
usa-m-002480,-122.332237,47.462753
usa-m-002481,-83.683672,41.679375
usa-m-002482,-73.961319,40.604328
usa-m-002483,-111.936876,33.424042
usa-m-002484,-73.796536,40.716227
usa-m-002485,-73.903440,40.876470
usa-m-002486,-73.856118,40.834334
usa-m-002487,-76.029210,42.052100
usa-m-002488,-97.129954,31.519557
usa-m-002489,-73.869940,40.832340
usa-m-002490,-117.705843,34.036658
usa-m-002491,-82.238196,27.938564
usa-m-002492,-73.708481,42.733465
usa-m-002493,-102.504565,48.269301
usa-m-002494,-103.207030,34.406970
usa-m-002495,-157.874500,21.324600
usa-m-002496,-76.542917,39.390292
usa-m-002497,-72.781986,41.664253
usa-m-002498,-85.295765,35.032255
usa-m-002499,-71.298840,41.934430
usa-m-002500,-74.000519,40.731991
usa-m-002501,-73.953365,40.790689
usa-m-002502,-90.171562,29.982555
usa-m-002503,-90.721038,33.703507
usa-m-002504,-87.947983,41.724046
usa-m-002505,-121.886768,37.448843
usa-m-002506,-73.952791,40.800689
usa-m-002507,-83.111163,42.396900
usa-m-002508,-85.599332,38.278525
usa-m-002509,-82.393938,28.022282
usa-m-002510,-89.025400,42.677240
usa-m-002511,-83.696570,43.023240
usa-m-002512,-83.315750,42.605117
usa-m-002513,-102.120900,32.029900
usa-m-002514,-77.250060,39.192190
usa-m-002515,-75.101731,39.931161
usa-m-002516,-81.898514,41.313284
usa-m-002517,-73.944375,40.823635
usa-m-002518,-83.667879,41.653150
usa-m-002519,-83.622129,41.644656
usa-m-002520,-85.541040,41.533330
usa-m-002521,-122.554350,45.531830
usa-m-002522,-121.452682,37.764684
usa-m-002523,-117.218760,33.168919
usa-m-002524,-90.748461,42.504559
usa-m-002525,-77.327436,37.336492
usa-m-002526,-95.945155,36.154544
usa-m-002527,-95.866666,36.076142
usa-m-002528,-96.432561,32.007185
usa-m-002529,-122.442098,45.519420
usa-m-002530,-97.759134,30.438044
usa-m-002531,-77.640940,43.218250
usa-m-002532,-80.039613,40.415694
usa-m-002533,-72.627391,42.100654
usa-m-002534,-77.686936,43.121845
usa-m-002535,-120.844211,37.492568
usa-m-002536,-72.577981,41.730221
usa-m-002537,-95.259435,32.275708
usa-m-002538,-81.743640,26.175150
usa-m-002539,-77.111826,38.811163
usa-m-002540,-123.201577,39.140621
usa-m-002541,-82.962871,40.035075
usa-m-002542,-122.307986,47.783180
usa-m-002543,-73.961754,40.581372
usa-m-002544,-82.408057,28.032328
usa-m-002545,-77.155518,38.779809
usa-m-002546,-83.224387,42.519649
usa-m-002547,-87.880690,42.373440
usa-m-002548,-73.852520,40.829390
usa-m-002549,-74.146802,40.874266
usa-m-002550,-74.142078,40.892737
usa-m-002551,-112.135251,33.661465
usa-m-002552,-73.023200,41.601040
usa-m-002553,-75.168100,39.940735
usa-m-002554,-75.178489,39.935892
usa-m-002555,-81.530059,41.324850
usa-m-002556,-118.529540,34.379516
usa-m-002557,-97.129756,32.600515
usa-m-002558,-75.652593,41.403696
usa-m-002559,-72.289376,43.700921
usa-m-002560,-73.758650,41.129640
usa-m-002561,-81.609282,41.497944
usa-m-002562,-90.072634,29.971038
usa-m-002563,-76.619901,39.292731
usa-m-002564,-111.919300,40.588065
usa-m-002565,-111.686678,40.280452
usa-m-002566,-83.063650,42.453020
usa-m-002567,-77.302001,38.849360
usa-m-002568,-83.349910,30.898570
usa-m-002569,-96.947965,32.917285
usa-m-002570,-82.033630,28.944465
usa-m-002571,-96.953376,32.939481
usa-m-002572,-76.918110,38.613980
usa-m-002573,-84.570630,42.735900
usa-m-002574,-71.237288,42.370867
usa-m-002575,-89.680630,44.956360
usa-m-002576,-83.065128,42.353689
usa-m-002577,-120.315112,47.424905
usa-m-002578,-73.907909,40.855937
usa-m-002579,-77.605478,37.673818
usa-m-002580,-90.261537,38.716813
usa-m-002581,-90.259667,38.716854
usa-m-002582,-72.962660,41.292647
usa-m-002583,-85.640864,42.297216
usa-m-002584,-96.731959,33.059760
usa-m-002585,-121.963479,37.240561
usa-m-002586,-73.817606,40.927601
usa-m-002587,-73.746739,41.021907
usa-m-002588,-79.607375,41.844368
usa-m-002589,-122.772600,45.303400
usa-m-002590,-71.255190,42.815575
usa-m-002591,-94.001261,44.165575
usa-m-002592,-77.254368,38.665128
usa-m-002593,-73.866086,40.691317
usa-m-002594,-73.901387,40.747060
usa-m-002595,-71.773801,42.315438
usa-m-002596,-83.272668,42.364827
usa-m-002597,-87.786517,41.682289
usa-m-002598,-73.912234,40.846570
usa-m-002599,-122.274441,37.522666
usa-m-002600,-122.374040,37.599340
usa-m-002601,-80.658298,41.140415
usa-m-002602,-80.663579,41.067061
usa-m-002603,-71.154548,42.340919
usa-m-002604,-73.835188,40.911487
usa-m-002605,-72.837255,40.766451
usa-m-002606,-122.310902,47.819560
usa-m-002607,-83.456605,42.546054
usa-m-002608,-74.225755,40.725553
usa-m-002609,-86.236058,39.853976
usa-m-002610,-98.627842,29.480411
usa-m-002611,-77.542610,38.892090
usa-m-002612,-76.494759,39.272052
usa-m-002613,-83.613741,42.205684
usa-m-002614,-122.273116,37.794936
usa-m-002615,-74.005995,40.603552
usa-m-002616,-74.825200,40.207570
usa-m-002617,-95.629437,29.596255
